[
{
  "model": "animals.animal",
  "pk": 1,
  "fields": {
    "name": "Арчі",
    "breed": "",
    "age": 6,
    "sex": "male",
    "photo": "media/animals/photos/Archi_xsrtvt",
    "health_status": "здоровий",
    "short_description": "Арчі — молодий песик із добрими очима та дуже спокійним характером. Йому приблизно 6 років, і попри непросте минуле, він не втратив довіри до людей. Арчі потрапив до притулку після того, як кілька тижнів жив біля автобусної зупинки на околиці міста. Волонтери помітили, що він щодня приходив туди в один і той самий час, ніби чекав на когось.\r\n\r\nСпочатку Арчі був наляканим і майже не підходив до людей, але з часом почав відкриватися. Зараз це дуже лагідний і вдячний пес, який обожнює прогулянки, спокійно ходить на повідку та любить сидіти поруч із людиною. Особливо радіє, коли його гладять за вушком або дають улюблені ласощі.\r\n\r\nАрчі добре ладнає з іншими собаками, не проявляє агресії та швидко звикає до нових людей. Він стане чудовим другом для тих, хто шукає вірного й спокійного компаньйона.\r\n\r\nПопри все пережите, Арчі досі вірить, що одного дня знайде свій справжній дім — місце, де його більше ніколи не залишать.",
    "favorite_treats": "",
    "is_available": true,
    "qr_code": "",
    "ai_summary": "",
    "created_at": "2026-04-29T11:45:07.154Z"
  }
},
{
  "model": "animals.animal",
  "pk": 2,
  "fields": {
    "name": "Рольф",
    "breed": "Німецька вівчарка",
    "age": 8,
    "sex": "male",
    "photo": "media/animals/photos/Rolf_recrkt",
    "health_status": "здоровий",
    "short_description": "",
    "favorite_treats": "",
    "is_available": true,
    "qr_code": "",
    "ai_summary": "",
    "created_at": "2026-04-29T11:45:31.154Z"
  }
},
{
  "model": "animals.animal",
  "pk": 3,
  "fields": {
    "name": "Барсік",
    "breed": "",
    "age": 4,
    "sex": "male",
    "photo": "media/animals/photos/Barsik_hqiybl",
    "health_status": "здоровий",
    "short_description": "",
    "favorite_treats": "",
    "is_available": true,
    "qr_code": "",
    "ai_summary": "",
    "created_at": "2026-04-29T11:45:57.305Z"
  }
},
{
  "model": "animals.animal",
  "pk": 4,
  "fields": {
    "name": "Білка",
    "breed": "",
    "age": 3,
    "sex": "female",
    "photo": "media/animals/photos/Bilka.jpg_pk3vjm",
    "health_status": "здорова",
    "short_description": "",
    "favorite_treats": "",
    "is_available": true,
    "qr_code": "",
    "ai_summary": "",
    "created_at": "2026-04-29T11:46:25.972Z"
  }
},
{
  "model": "animals.animal",
  "pk": 5,
  "fields": {
    "name": "Джек",
    "breed": "",
    "age": 1,
    "sex": "male",
    "photo": "",
    "health_status": "здоровий",
    "short_description": "",
    "favorite_treats": "",
    "is_available": true,
    "qr_code": "",
    "ai_summary": "",
    "created_at": "2026-05-01T17:15:27.810Z"
  }
},
{
  "model": "animals.animal",
  "pk": 6,
  "fields": {
    "name": "Грета",
    "breed": "Вівчарка",
    "age": 6,
    "sex": "female",
    "photo": "media/animals/photos/2_nxxmcd",
    "health_status": "здорова",
    "short_description": "Грета жила у приватному будинку, але після переїзду власників залишилась сама. Декілька місяців вона перебувала біля покинутого подвір’я, поки її не помітили волонтери.\r\n\r\nУ притулку Грета поводиться спокійно та стримано. Вона не одразу довіряє незнайомим людям, але з часом звикає та стає дуже слухняною. Добре реагує на команди та спокійно ходить на повідку.\r\n\r\nГрета стане хорошим другом для людей, які цінують спокійних і врівноважених собак.",
    "favorite_treats": "",
    "is_available": true,
    "qr_code": "",
    "ai_summary": "",
    "created_at": "2026-05-27T22:26:13.978Z"
  }
},
{
  "model": "animals.animal",
  "pk": 7,
  "fields": {
    "name": "Барні",
    "breed": "Лабрадор",
    "age": 4,
    "sex": "male",
    "photo": "media/animals/photos/1_yip3hj",
    "health_status": "здоровий",
    "short_description": "Барні потрапив до притулку після евакуації з прифронтової території. Деякий час він жив біля дороги та підходив до людей у пошуках їжі. Попри це, пес залишився дуже добрим і спокійним.\r\n\r\nВін швидко звикає до людей, добре поводиться під час прогулянок та любить активність. Найбільше Барні подобається бігати за м’ячем і проводити час поруч із людиною. З іншими собаками конфліктів не проявляє.\r\n\r\nБарні підійде людям, які шукають доброзичливого та активного собаку для прогулянок і щоденного спілкування.",
    "favorite_treats": "",
    "is_available": true,
    "qr_code": "",
    "ai_summary": "",
    "created_at": "2026-05-27T22:28:02.207Z"
  }
},
{
  "model": "animals.animal",
  "pk": 8,
  "fields": {
    "name": "Річі",
    "breed": "",
    "age": 2,
    "sex": "male",
    "photo": "media/animals/photos/3_lafxjk",
    "health_status": "здоровий",
    "short_description": "Річі потрапив до притулку ще маленьким цуценям. Його знайшли неподалік залізничної станції разом з іншими покинутими собаками.\r\n\r\nЦе дуже активний та допитливий пес, який любить довгі прогулянки й рухливі ігри. Річі швидко прив’язується до людей, завжди радіє увазі та добре ладнає з іншими собаками.\r\n\r\nВін підійде для активних людей, які готові приділяти час прогулянкам та іграм.",
    "favorite_treats": "",
    "is_available": true,
    "qr_code": "",
    "ai_summary": "",
    "created_at": "2026-05-27T22:30:32.200Z"
  }
},
{
  "model": "animals.animal",
  "pk": 9,
  "fields": {
    "name": "Соня",
    "breed": "Такса",
    "age": 5,
    "sex": "female",
    "photo": "media/animals/photos/4_dtzylf",
    "health_status": "здорова",
    "short_description": "Соню знайшли біля автобусної зупинки на околиці міста. Вона декілька днів не відходила від одного місця та насторожено ставилась до людей. Після того як собаку привезли до притулку, вона поступово почала звикати до нового середовища.\r\n\r\nСоня має спокійний і лагідний характер. Вона любить неспішні прогулянки, добре ходить на повідку та швидко прив’язується до людей, які проводять із нею час. Найбільше їй подобається сидіти поруч із людиною та спостерігати за всім навколо.\r\n\r\nЗ іншими собаками Соня поводиться спокійно, конфліктів не проявляє. Вона стане хорошим другом для людей, які шукають тихого та ніжного собаку.",
    "favorite_treats": "",
    "is_available": true,
    "qr_code": "",
    "ai_summary": "",
    "created_at": "2026-05-27T22:41:02.168Z"
  }
},
{
  "model": "animals.animal",
  "pk": 10,
  "fields": {
    "name": "Кекс",
    "breed": "",
    "age": 3,
    "sex": "male",
    "photo": "media/animals/photos/5_ee5ijj",
    "health_status": "здоровий",
    "short_description": "Кекс потрапив до притулку після евакуації з прифронтового міста. Волонтери знайшли його біля зруйнованого будинку, де пес кілька днів не відходив від подвір’я та насторожено реагував на незнайомців.\r\n\r\nПерший час Кекс був наляканим і майже не контактував із людьми, але згодом почав звикати до нової обстановки. Зараз це дуже веселий і товариський пес, який любить активні прогулянки та ігри. Він постійно носить у зубах іграшки або палиці й завжди намагається привернути до себе увагу.\r\n\r\nКекс добре ладнає з іншими собаками, швидко звикає до нових людей та любить проводити час поруч із волонтерами. Він стане хорошим другом для активної сім’ї, яка готова приділяти йому багато уваги та турботи.",
    "favorite_treats": "",
    "is_available": true,
    "qr_code": "",
    "ai_summary": "",
    "created_at": "2026-05-27T22:44:08.984Z"
  }
},
{
  "model": "animals.animal",
  "pk": 11,
  "fields": {
    "name": "Джесі",
    "breed": "Метис хаскі",
    "age": 4,
    "sex": "female",
    "photo": "media/animals/photos/6_rttkvx",
    "health_status": "здорова",
    "short_description": "Джесі евакуювали із прифронтової території разом з іншими тваринами, яких волонтери вивозили після обстрілів. Деякий час вона жила на вулиці та боялась підходити до людей, через що її вдалося забрати не одразу.\r\n\r\nУ притулку Джесі поступово почала звикати до людей і зараз добре контактує з волонтерами. Вона дуже активна, любить довгі прогулянки та багато руху. Найбільше їй подобається бігати подвір’ям і досліджувати нові місця.\r\n\r\nДжесі добре ладнає з іншими собаками, не проявляє агресії та швидко адаптується до нового середовища. Вона підійде людям, які ведуть активний спосіб життя та готові приділяти багато часу прогулянкам і спілкуванню з собакою.",
    "favorite_treats": "",
    "is_available": true,
    "qr_code": "",
    "ai_summary": "",
    "created_at": "2026-05-27T22:47:49.272Z"
  }
},
{
  "model": "animals.animal",
  "pk": 12,
  "fields": {
    "name": "Тім",
    "breed": "Бігль",
    "age": 2,
    "sex": "male",
    "photo": "media/animals/photos/7_qaqbut",
    "health_status": "здоровий",
    "short_description": "Тіма знайшли волонтери неподалік лісосмуги під час евакуації тварин із прифронтового району. Пес був виснажений, наляканий і довгий час не підходив до людей, але залишався поблизу місця, де його помітили вперше.\r\n\r\nПісля переїзду до притулку Тім поступово адаптувався та почав довіряти волонтерам. Це дуже допитливий і енергійний пес, який постійно досліджує все навколо. Під час прогулянок він любить довго принюхуватись до нових запахів і уважно вивчати місцевість.\r\n\r\nТім добре ладнає з людьми та іншими собаками, любить активність і швидко звикає до нових знайомств. Він стане хорошим другом для людей, які люблять довгі прогулянки та активний відпочинок.",
    "favorite_treats": "",
    "is_available": true,
    "qr_code": "",
    "ai_summary": "",
    "created_at": "2026-05-27T22:54:46.671Z"
  }
},
{
  "model": "animals.animal",
  "pk": 13,
  "fields": {
    "name": "Лола",
    "breed": "",
    "age": 1,
    "sex": "female",
    "photo": "media/animals/photos/8_qba4tf",
    "health_status": "здорова",
    "short_description": "Лола потрапила до притулку разом зі своїми братами та сестрами ще у ранньому віці. Більшість цуценят уже знайшли домівки, а Лола досі чекає на свою сім’ю.\r\n\r\nВона трохи обережна з незнайомцями, але швидко звикає до людей. Любить спокійні прогулянки, ласку та увагу. Добре поводиться поруч з іншими тваринами.\r\n\r\nЛола буде хорошим варіантом для сім’ї, яка шукає спокійного та лагідного собаку.",
    "favorite_treats": "",
    "is_available": true,
    "qr_code": "",
    "ai_summary": "",
    "created_at": "2026-05-27T22:59:13.782Z"
  }
},
{
  "model": "walks.walk",
  "pk": 1,
  "fields": {
    "volunteer": 1,
    "animal": 1,
    "planned_date": "2026-04-29",
    "planned_start_time": "15:25:00",
    "planned_end_time": "16:05:00",
    "started_at": "2026-04-29T12:19:49.584Z",
    "ended_at": "2026-04-29T12:48:12.988Z",
    "status": "completed",
    "final_activity_score": 4,
    "unexpected_situations_comment": "ні",
    "character_match_comment": "так",
    "overall_impression": 5,
    "completion_photo": "",
    "reminder_sent": false,
    "half_hour_reminder_sent": false,
    "created_at": "2026-04-29T12:19:42.755Z"
  }
},
{
  "model": "walks.walk",
  "pk": 2,
  "fields": {
    "volunteer": 2,
    "animal": 3,
    "planned_date": "2026-04-29",
    "planned_start_time": "16:15:00",
    "planned_end_time": "16:45:00",
    "started_at": "2026-04-29T17:16:01.805Z",
    "ended_at": "2026-04-29T17:19:05.104Z",
    "status": "completed",
    "final_activity_score": 4,
    "unexpected_situations_comment": "ні",
    "character_match_comment": "так",
    "overall_impression": 5,
    "completion_photo": "",
    "reminder_sent": false,
    "half_hour_reminder_sent": false,
    "created_at": "2026-04-29T17:15:59.482Z"
  }
},
{
  "model": "walks.walk",
  "pk": 4,
  "fields": {
    "volunteer": 1,
    "animal": 1,
    "planned_date": "2026-04-30",
    "planned_start_time": "10:00:00",
    "planned_end_time": "10:30:00",
    "started_at": "2026-04-29T21:58:36.575Z",
    "ended_at": "2026-04-30T12:38:17.767Z",
    "status": "completed",
    "final_activity_score": 4,
    "unexpected_situations_comment": "",
    "character_match_comment": "",
    "overall_impression": 4,
    "completion_photo": "",
    "reminder_sent": false,
    "half_hour_reminder_sent": false,
    "created_at": "2026-04-29T21:58:35.106Z"
  }
},
{
  "model": "walks.walk",
  "pk": 5,
  "fields": {
    "volunteer": 1,
    "animal": 1,
    "planned_date": "2026-05-01",
    "planned_start_time": "10:00:00",
    "planned_end_time": "10:30:00",
    "started_at": "2026-04-30T16:12:07.730Z",
    "ended_at": "2026-04-30T16:47:41.250Z",
    "status": "completed",
    "final_activity_score": 4,
    "unexpected_situations_comment": "",
    "character_match_comment": "",
    "overall_impression": 4,
    "completion_photo": "",
    "reminder_sent": false,
    "half_hour_reminder_sent": false,
    "created_at": "2026-04-30T16:12:04.298Z"
  }
},
{
  "model": "walks.walk",
  "pk": 6,
  "fields": {
    "volunteer": 1,
    "animal": 1,
    "planned_date": "2026-05-02",
    "planned_start_time": "12:00:00",
    "planned_end_time": "12:30:00",
    "started_at": "2026-04-30T18:44:13.154Z",
    "ended_at": "2026-04-30T20:53:08.232Z",
    "status": "completed",
    "final_activity_score": 3,
    "unexpected_situations_comment": "ні",
    "character_match_comment": "та",
    "overall_impression": 5,
    "completion_photo": "",
    "reminder_sent": false,
    "half_hour_reminder_sent": false,
    "created_at": "2026-04-30T18:44:11.290Z"
  }
},
{
  "model": "walks.walk",
  "pk": 7,
  "fields": {
    "volunteer": 1,
    "animal": 3,
    "planned_date": "2026-04-30",
    "planned_start_time": "14:20:00",
    "planned_end_time": "14:50:00",
    "started_at": "2026-04-30T20:53:51.308Z",
    "ended_at": "2026-04-30T20:54:46.207Z",
    "status": "completed",
    "final_activity_score": 3,
    "unexpected_situations_comment": "ні",
    "character_match_comment": "так",
    "overall_impression": 5,
    "completion_photo": "",
    "reminder_sent": false,
    "half_hour_reminder_sent": false,
    "created_at": "2026-04-30T20:53:50.073Z"
  }
},
{
  "model": "walks.walk",
  "pk": 8,
  "fields": {
    "volunteer": 1,
    "animal": 2,
    "planned_date": "2026-05-01",
    "planned_start_time": "15:00:00",
    "planned_end_time": "15:30:00",
    "started_at": null,
    "ended_at": null,
    "status": "missed",
    "final_activity_score": null,
    "unexpected_situations_comment": "",
    "character_match_comment": "",
    "overall_impression": null,
    "completion_photo": "",
    "reminder_sent": false,
    "half_hour_reminder_sent": false,
    "created_at": "2026-05-01T17:13:10.398Z"
  }
},
{
  "model": "walks.walk",
  "pk": 9,
  "fields": {
    "volunteer": 1,
    "animal": 4,
    "planned_date": "2026-05-02",
    "planned_start_time": "16:00:00",
    "planned_end_time": "16:30:00",
    "started_at": "2026-05-02T16:23:11.074Z",
    "ended_at": "2026-05-02T16:23:40.621Z",
    "status": "completed",
    "final_activity_score": 4,
    "unexpected_situations_comment": "ні",
    "character_match_comment": "так",
    "overall_impression": 5,
    "completion_photo": "",
    "reminder_sent": true,
    "half_hour_reminder_sent": false,
    "created_at": "2026-05-01T17:13:39.563Z"
  }
},
{
  "model": "walks.walk",
  "pk": 10,
  "fields": {
    "volunteer": 1,
    "animal": 5,
    "planned_date": "2026-05-03",
    "planned_start_time": "10:00:00",
    "planned_end_time": "10:40:00",
    "started_at": null,
    "ended_at": null,
    "status": "missed",
    "final_activity_score": null,
    "unexpected_situations_comment": "",
    "character_match_comment": "",
    "overall_impression": null,
    "completion_photo": "",
    "reminder_sent": true,
    "half_hour_reminder_sent": false,
    "created_at": "2026-05-01T17:16:33.947Z"
  }
},
{
  "model": "walks.walk",
  "pk": 11,
  "fields": {
    "volunteer": 2,
    "animal": 5,
    "planned_date": "2026-05-02",
    "planned_start_time": "15:00:00",
    "planned_end_time": "15:30:00",
    "started_at": "2026-05-02T11:31:56.828Z",
    "ended_at": "2026-05-02T11:41:03.934Z",
    "status": "completed",
    "final_activity_score": 4,
    "unexpected_situations_comment": "",
    "character_match_comment": "",
    "overall_impression": 4,
    "completion_photo": "",
    "reminder_sent": true,
    "half_hour_reminder_sent": false,
    "created_at": "2026-05-02T11:24:56.671Z"
  }
},
{
  "model": "walks.walk",
  "pk": 12,
  "fields": {
    "volunteer": 2,
    "animal": 3,
    "planned_date": "2026-05-02",
    "planned_start_time": "15:15:00",
    "planned_end_time": "15:45:00",
    "started_at": null,
    "ended_at": null,
    "status": "missed",
    "final_activity_score": null,
    "unexpected_situations_comment": "",
    "character_match_comment": "",
    "overall_impression": null,
    "completion_photo": "",
    "reminder_sent": true,
    "half_hour_reminder_sent": false,
    "created_at": "2026-05-02T11:41:34.369Z"
  }
},
{
  "model": "walks.walk",
  "pk": 13,
  "fields": {
    "volunteer": 3,
    "animal": 5,
    "planned_date": "2026-05-04",
    "planned_start_time": "11:00:00",
    "planned_end_time": "11:30:00",
    "started_at": "2026-05-03T23:00:52.250Z",
    "ended_at": "2026-05-04T00:08:03.100Z",
    "status": "completed",
    "final_activity_score": 5,
    "unexpected_situations_comment": "ні",
    "character_match_comment": "так",
    "overall_impression": 5,
    "completion_photo": "",
    "reminder_sent": false,
    "half_hour_reminder_sent": false,
    "created_at": "2026-05-03T23:00:47.010Z"
  }
},
{
  "model": "walks.walk",
  "pk": 16,
  "fields": {
    "volunteer": 1,
    "animal": 1,
    "planned_date": "2026-05-04",
    "planned_start_time": "14:40:00",
    "planned_end_time": "15:10:00",
    "started_at": "2026-05-04T10:54:52.537Z",
    "ended_at": "2026-05-04T10:56:15.581Z",
    "status": "completed",
    "final_activity_score": 5,
    "unexpected_situations_comment": "",
    "character_match_comment": "",
    "overall_impression": 5,
    "completion_photo": "",
    "reminder_sent": false,
    "half_hour_reminder_sent": false,
    "created_at": "2026-05-04T10:54:29.286Z"
  }
},
{
  "model": "walks.walk",
  "pk": 17,
  "fields": {
    "volunteer": 1,
    "animal": 1,
    "planned_date": "2026-05-14",
    "planned_start_time": "14:15:00",
    "planned_end_time": "14:45:00",
    "started_at": "2026-05-13T22:37:10.359Z",
    "ended_at": "2026-05-13T23:07:55.580Z",
    "status": "completed",
    "final_activity_score": 5,
    "unexpected_situations_comment": "ні",
    "character_match_comment": "так",
    "overall_impression": 5,
    "completion_photo": "",
    "reminder_sent": false,
    "half_hour_reminder_sent": false,
    "created_at": "2026-05-13T22:27:31.340Z"
  }
},
{
  "model": "walks.walk",
  "pk": 18,
  "fields": {
    "volunteer": 1,
    "animal": 4,
    "planned_date": "2026-05-16",
    "planned_start_time": "12:20:00",
    "planned_end_time": "12:50:00",
    "started_at": "2026-05-14T11:47:01.032Z",
    "ended_at": "2026-05-14T11:50:24.040Z",
    "status": "completed",
    "final_activity_score": 5,
    "unexpected_situations_comment": "ні",
    "character_match_comment": "так звісно",
    "overall_impression": 5,
    "completion_photo": "",
    "reminder_sent": false,
    "half_hour_reminder_sent": false,
    "created_at": "2026-05-14T11:46:47.987Z"
  }
},
{
  "model": "reviews.behaviortrait",
  "pk": 1,
  "fields": {
    "name": "Активна",
    "description": "",
    "is_active": true
  }
},
{
  "model": "reviews.behaviortrait",
  "pk": 2,
  "fields": {
    "name": "Підходить для новачків",
    "description": "",
    "is_active": true
  }
},
{
  "model": "reviews.behaviortrait",
  "pk": 3,
  "fields": {
    "name": "Потребує досвідченого волонтера",
    "description": "",
    "is_active": true
  }
},
{
  "model": "reviews.behaviortrait",
  "pk": 4,
  "fields": {
    "name": "Легко йде на контакт",
    "description": "",
    "is_active": true
  }
},
{
  "model": "reviews.behaviortrait",
  "pk": 5,
  "fields": {
    "name": "Любить бігати",
    "description": "",
    "is_active": true
  }
},
{
  "model": "reviews.behaviortrait",
  "pk": 6,
  "fields": {
    "name": "Дружелюбна до людей",
    "description": "",
    "is_active": true
  }
},
{
  "model": "reviews.behaviortrait",
  "pk": 7,
  "fields": {
    "name": "Дружелюбна до інших тварин",
    "description": "",
    "is_active": true
  }
},
{
  "model": "reviews.behaviortrait",
  "pk": 9,
  "fields": {
    "name": "Тактильна",
    "description": "",
    "is_active": true
  }
},
{
  "model": "reviews.behaviortrait",
  "pk": 10,
  "fields": {
    "name": "Боїться різких рухів",
    "description": "",
    "is_active": true
  }
},
{
  "model": "reviews.behaviortrait",
  "pk": 11,
  "fields": {
    "name": "Боїться гучних звуків",
    "description": "",
    "is_active": true
  }
},
{
  "model": "reviews.behaviorreview",
  "pk": 1,
  "fields": {
    "animal": 1,
    "walk": 1,
    "volunteer": 1,
    "trait": 1,
    "score": 4,
    "created_at": "2026-04-29T12:29:19.712Z"
  }
},
{
  "model": "reviews.behaviorreview",
  "pk": 2,
  "fields": {
    "animal": 1,
    "walk": 1,
    "volunteer": 1,
    "trait": 11,
    "score": 2,
    "created_at": "2026-04-29T12:29:19.786Z"
  }
},
{
  "model": "reviews.behaviorreview",
  "pk": 3,
  "fields": {
    "animal": 1,
    "walk": 1,
    "volunteer": 1,
    "trait": 10,
    "score": 3,
    "created_at": "2026-04-29T12:29:19.837Z"
  }
},
{
  "model": "reviews.behaviorreview",
  "pk": 4,
  "fields": {
    "animal": 1,
    "walk": 1,
    "volunteer": 1,
    "trait": 6,
    "score": 5,
    "created_at": "2026-04-29T12:29:19.886Z"
  }
},
{
  "model": "reviews.behaviorreview",
  "pk": 5,
  "fields": {
    "animal": 1,
    "walk": 1,
    "volunteer": 1,
    "trait": 7,
    "score": 4,
    "created_at": "2026-04-29T12:29:19.934Z"
  }
},
{
  "model": "reviews.behaviorreview",
  "pk": 6,
  "fields": {
    "animal": 1,
    "walk": 1,
    "volunteer": 1,
    "trait": 4,
    "score": 5,
    "created_at": "2026-04-29T12:29:19.998Z"
  }
},
{
  "model": "reviews.behaviorreview",
  "pk": 7,
  "fields": {
    "animal": 1,
    "walk": 1,
    "volunteer": 1,
    "trait": 5,
    "score": 3,
    "created_at": "2026-04-29T12:29:20.053Z"
  }
},
{
  "model": "reviews.behaviorreview",
  "pk": 8,
  "fields": {
    "animal": 1,
    "walk": 1,
    "volunteer": 1,
    "trait": 3,
    "score": 3,
    "created_at": "2026-04-29T12:29:20.115Z"
  }
},
{
  "model": "reviews.behaviorreview",
  "pk": 9,
  "fields": {
    "animal": 1,
    "walk": 1,
    "volunteer": 1,
    "trait": 2,
    "score": 4,
    "created_at": "2026-04-29T12:29:20.165Z"
  }
},
{
  "model": "reviews.behaviorreview",
  "pk": 10,
  "fields": {
    "animal": 1,
    "walk": 1,
    "volunteer": 1,
    "trait": 9,
    "score": 5,
    "created_at": "2026-04-29T12:29:20.213Z"
  }
},
{
  "model": "reviews.behaviorreview",
  "pk": 11,
  "fields": {
    "animal": 3,
    "walk": 2,
    "volunteer": 2,
    "trait": 1,
    "score": 3,
    "created_at": "2026-04-29T17:17:47.607Z"
  }
},
{
  "model": "reviews.behaviorreview",
  "pk": 12,
  "fields": {
    "animal": 3,
    "walk": 2,
    "volunteer": 2,
    "trait": 11,
    "score": 2,
    "created_at": "2026-04-29T17:17:47.677Z"
  }
},
{
  "model": "reviews.behaviorreview",
  "pk": 13,
  "fields": {
    "animal": 3,
    "walk": 2,
    "volunteer": 2,
    "trait": 10,
    "score": 1,
    "created_at": "2026-04-29T17:17:47.759Z"
  }
},
{
  "model": "reviews.behaviorreview",
  "pk": 14,
  "fields": {
    "animal": 3,
    "walk": 2,
    "volunteer": 2,
    "trait": 6,
    "score": 5,
    "created_at": "2026-04-29T17:17:47.837Z"
  }
},
{
  "model": "reviews.behaviorreview",
  "pk": 15,
  "fields": {
    "animal": 3,
    "walk": 2,
    "volunteer": 2,
    "trait": 7,
    "score": 4,
    "created_at": "2026-04-29T17:17:47.929Z"
  }
},
{
  "model": "reviews.behaviorreview",
  "pk": 16,
  "fields": {
    "animal": 3,
    "walk": 2,
    "volunteer": 2,
    "trait": 4,
    "score": 5,
    "created_at": "2026-04-29T17:17:48.102Z"
  }
},
{
  "model": "reviews.behaviorreview",
  "pk": 17,
  "fields": {
    "animal": 3,
    "walk": 2,
    "volunteer": 2,
    "trait": 5,
    "score": 4,
    "created_at": "2026-04-29T17:17:48.180Z"
  }
},
{
  "model": "reviews.behaviorreview",
  "pk": 18,
  "fields": {
    "animal": 3,
    "walk": 2,
    "volunteer": 2,
    "trait": 3,
    "score": 2,
    "created_at": "2026-04-29T17:17:48.519Z"
  }
},
{
  "model": "reviews.behaviorreview",
  "pk": 19,
  "fields": {
    "animal": 3,
    "walk": 2,
    "volunteer": 2,
    "trait": 2,
    "score": 5,
    "created_at": "2026-04-29T17:17:48.624Z"
  }
},
{
  "model": "reviews.behaviorreview",
  "pk": 20,
  "fields": {
    "animal": 3,
    "walk": 2,
    "volunteer": 2,
    "trait": 9,
    "score": 5,
    "created_at": "2026-04-29T17:17:48.704Z"
  }
},
{
  "model": "reviews.behaviorreview",
  "pk": 31,
  "fields": {
    "animal": 1,
    "walk": 4,
    "volunteer": 1,
    "trait": 1,
    "score": 4,
    "created_at": "2026-04-29T21:59:00.414Z"
  }
},
{
  "model": "reviews.behaviorreview",
  "pk": 32,
  "fields": {
    "animal": 1,
    "walk": 4,
    "volunteer": 1,
    "trait": 11,
    "score": 4,
    "created_at": "2026-04-29T21:59:00.486Z"
  }
},
{
  "model": "reviews.behaviorreview",
  "pk": 33,
  "fields": {
    "animal": 1,
    "walk": 4,
    "volunteer": 1,
    "trait": 10,
    "score": 3,
    "created_at": "2026-04-29T21:59:00.541Z"
  }
},
{
  "model": "reviews.behaviorreview",
  "pk": 34,
  "fields": {
    "animal": 1,
    "walk": 4,
    "volunteer": 1,
    "trait": 6,
    "score": 4,
    "created_at": "2026-04-29T21:59:00.612Z"
  }
},
{
  "model": "reviews.behaviorreview",
  "pk": 35,
  "fields": {
    "animal": 1,
    "walk": 4,
    "volunteer": 1,
    "trait": 7,
    "score": 3,
    "created_at": "2026-04-29T21:59:00.677Z"
  }
},
{
  "model": "reviews.behaviorreview",
  "pk": 36,
  "fields": {
    "animal": 1,
    "walk": 4,
    "volunteer": 1,
    "trait": 4,
    "score": 4,
    "created_at": "2026-04-29T21:59:00.760Z"
  }
},
{
  "model": "reviews.behaviorreview",
  "pk": 37,
  "fields": {
    "animal": 1,
    "walk": 4,
    "volunteer": 1,
    "trait": 5,
    "score": 5,
    "created_at": "2026-04-29T21:59:00.806Z"
  }
},
{
  "model": "reviews.behaviorreview",
  "pk": 38,
  "fields": {
    "animal": 1,
    "walk": 4,
    "volunteer": 1,
    "trait": 3,
    "score": 4,
    "created_at": "2026-04-29T21:59:00.844Z"
  }
},
{
  "model": "reviews.behaviorreview",
  "pk": 39,
  "fields": {
    "animal": 1,
    "walk": 4,
    "volunteer": 1,
    "trait": 2,
    "score": 3,
    "created_at": "2026-04-29T21:59:00.917Z"
  }
},
{
  "model": "reviews.behaviorreview",
  "pk": 40,
  "fields": {
    "animal": 1,
    "walk": 4,
    "volunteer": 1,
    "trait": 9,
    "score": 3,
    "created_at": "2026-04-29T21:59:00.976Z"
  }
},
{
  "model": "reviews.behaviorreview",
  "pk": 41,
  "fields": {
    "animal": 1,
    "walk": 5,
    "volunteer": 1,
    "trait": 1,
    "score": 5,
    "created_at": "2026-04-30T16:47:09.715Z"
  }
},
{
  "model": "reviews.behaviorreview",
  "pk": 42,
  "fields": {
    "animal": 1,
    "walk": 5,
    "volunteer": 1,
    "trait": 11,
    "score": 5,
    "created_at": "2026-04-30T16:47:09.776Z"
  }
},
{
  "model": "reviews.behaviorreview",
  "pk": 43,
  "fields": {
    "animal": 1,
    "walk": 5,
    "volunteer": 1,
    "trait": 10,
    "score": 4,
    "created_at": "2026-04-30T16:47:09.866Z"
  }
},
{
  "model": "reviews.behaviorreview",
  "pk": 44,
  "fields": {
    "animal": 1,
    "walk": 5,
    "volunteer": 1,
    "trait": 6,
    "score": 5,
    "created_at": "2026-04-30T16:47:09.912Z"
  }
},
{
  "model": "reviews.behaviorreview",
  "pk": 45,
  "fields": {
    "animal": 1,
    "walk": 5,
    "volunteer": 1,
    "trait": 7,
    "score": 4,
    "created_at": "2026-04-30T16:47:10.027Z"
  }
},
{
  "model": "reviews.behaviorreview",
  "pk": 46,
  "fields": {
    "animal": 1,
    "walk": 5,
    "volunteer": 1,
    "trait": 4,
    "score": 4,
    "created_at": "2026-04-30T16:47:10.114Z"
  }
},
{
  "model": "reviews.behaviorreview",
  "pk": 47,
  "fields": {
    "animal": 1,
    "walk": 5,
    "volunteer": 1,
    "trait": 5,
    "score": 3,
    "created_at": "2026-04-30T16:47:10.176Z"
  }
},
{
  "model": "reviews.behaviorreview",
  "pk": 48,
  "fields": {
    "animal": 1,
    "walk": 5,
    "volunteer": 1,
    "trait": 3,
    "score": 3,
    "created_at": "2026-04-30T16:47:10.241Z"
  }
},
{
  "model": "reviews.behaviorreview",
  "pk": 49,
  "fields": {
    "animal": 1,
    "walk": 5,
    "volunteer": 1,
    "trait": 2,
    "score": 5,
    "created_at": "2026-04-30T16:47:10.306Z"
  }
},
{
  "model": "reviews.behaviorreview",
  "pk": 50,
  "fields": {
    "animal": 1,
    "walk": 5,
    "volunteer": 1,
    "trait": 9,
    "score": 5,
    "created_at": "2026-04-30T16:47:10.432Z"
  }
},
{
  "model": "reviews.behaviorreview",
  "pk": 51,
  "fields": {
    "animal": 1,
    "walk": 6,
    "volunteer": 1,
    "trait": 1,
    "score": 4,
    "created_at": "2026-04-30T18:45:08.456Z"
  }
},
{
  "model": "reviews.behaviorreview",
  "pk": 52,
  "fields": {
    "animal": 1,
    "walk": 6,
    "volunteer": 1,
    "trait": 11,
    "score": 4,
    "created_at": "2026-04-30T18:45:08.493Z"
  }
},
{
  "model": "reviews.behaviorreview",
  "pk": 53,
  "fields": {
    "animal": 1,
    "walk": 6,
    "volunteer": 1,
    "trait": 10,
    "score": 4,
    "created_at": "2026-04-30T18:45:08.523Z"
  }
},
{
  "model": "reviews.behaviorreview",
  "pk": 54,
  "fields": {
    "animal": 1,
    "walk": 6,
    "volunteer": 1,
    "trait": 6,
    "score": 3,
    "created_at": "2026-04-30T18:45:08.567Z"
  }
},
{
  "model": "reviews.behaviorreview",
  "pk": 55,
  "fields": {
    "animal": 1,
    "walk": 6,
    "volunteer": 1,
    "trait": 7,
    "score": 4,
    "created_at": "2026-04-30T18:45:08.601Z"
  }
},
{
  "model": "reviews.behaviorreview",
  "pk": 56,
  "fields": {
    "animal": 1,
    "walk": 6,
    "volunteer": 1,
    "trait": 4,
    "score": 5,
    "created_at": "2026-04-30T18:45:08.669Z"
  }
},
{
  "model": "reviews.behaviorreview",
  "pk": 57,
  "fields": {
    "animal": 1,
    "walk": 6,
    "volunteer": 1,
    "trait": 5,
    "score": 5,
    "created_at": "2026-04-30T18:45:08.704Z"
  }
},
{
  "model": "reviews.behaviorreview",
  "pk": 58,
  "fields": {
    "animal": 1,
    "walk": 6,
    "volunteer": 1,
    "trait": 3,
    "score": 3,
    "created_at": "2026-04-30T18:45:08.784Z"
  }
},
{
  "model": "reviews.behaviorreview",
  "pk": 59,
  "fields": {
    "animal": 1,
    "walk": 6,
    "volunteer": 1,
    "trait": 2,
    "score": 3,
    "created_at": "2026-04-30T18:45:08.822Z"
  }
},
{
  "model": "reviews.behaviorreview",
  "pk": 60,
  "fields": {
    "animal": 1,
    "walk": 6,
    "volunteer": 1,
    "trait": 9,
    "score": 5,
    "created_at": "2026-04-30T18:45:08.868Z"
  }
},
{
  "model": "reviews.behaviorreview",
  "pk": 61,
  "fields": {
    "animal": 3,
    "walk": 7,
    "volunteer": 1,
    "trait": 1,
    "score": 3,
    "created_at": "2026-04-30T20:54:25.230Z"
  }
},
{
  "model": "reviews.behaviorreview",
  "pk": 62,
  "fields": {
    "animal": 3,
    "walk": 7,
    "volunteer": 1,
    "trait": 11,
    "score": 1,
    "created_at": "2026-04-30T20:54:25.272Z"
  }
},
{
  "model": "reviews.behaviorreview",
  "pk": 63,
  "fields": {
    "animal": 3,
    "walk": 7,
    "volunteer": 1,
    "trait": 10,
    "score": 1,
    "created_at": "2026-04-30T20:54:25.328Z"
  }
},
{
  "model": "reviews.behaviorreview",
  "pk": 64,
  "fields": {
    "animal": 3,
    "walk": 7,
    "volunteer": 1,
    "trait": 6,
    "score": 5,
    "created_at": "2026-04-30T20:54:25.372Z"
  }
},
{
  "model": "reviews.behaviorreview",
  "pk": 65,
  "fields": {
    "animal": 3,
    "walk": 7,
    "volunteer": 1,
    "trait": 7,
    "score": 5,
    "created_at": "2026-04-30T20:54:25.486Z"
  }
},
{
  "model": "reviews.behaviorreview",
  "pk": 66,
  "fields": {
    "animal": 3,
    "walk": 7,
    "volunteer": 1,
    "trait": 4,
    "score": 5,
    "created_at": "2026-04-30T20:54:25.599Z"
  }
},
{
  "model": "reviews.behaviorreview",
  "pk": 67,
  "fields": {
    "animal": 3,
    "walk": 7,
    "volunteer": 1,
    "trait": 5,
    "score": 3,
    "created_at": "2026-04-30T20:54:25.704Z"
  }
},
{
  "model": "reviews.behaviorreview",
  "pk": 68,
  "fields": {
    "animal": 3,
    "walk": 7,
    "volunteer": 1,
    "trait": 3,
    "score": 2,
    "created_at": "2026-04-30T20:54:25.805Z"
  }
},
{
  "model": "reviews.behaviorreview",
  "pk": 69,
  "fields": {
    "animal": 3,
    "walk": 7,
    "volunteer": 1,
    "trait": 2,
    "score": 5,
    "created_at": "2026-04-30T20:54:25.903Z"
  }
},
{
  "model": "reviews.behaviorreview",
  "pk": 70,
  "fields": {
    "animal": 3,
    "walk": 7,
    "volunteer": 1,
    "trait": 9,
    "score": 5,
    "created_at": "2026-04-30T20:54:26.003Z"
  }
},
{
  "model": "reviews.behaviorreview",
  "pk": 71,
  "fields": {
    "animal": 5,
    "walk": 13,
    "volunteer": 3,
    "trait": 1,
    "score": 5,
    "created_at": "2026-05-03T23:42:01.790Z"
  }
},
{
  "model": "reviews.behaviorreview",
  "pk": 72,
  "fields": {
    "animal": 5,
    "walk": 13,
    "volunteer": 3,
    "trait": 11,
    "score": 2,
    "created_at": "2026-05-03T23:42:01.855Z"
  }
},
{
  "model": "reviews.behaviorreview",
  "pk": 73,
  "fields": {
    "animal": 5,
    "walk": 13,
    "volunteer": 3,
    "trait": 10,
    "score": 3,
    "created_at": "2026-05-03T23:42:01.907Z"
  }
},
{
  "model": "reviews.behaviorreview",
  "pk": 74,
  "fields": {
    "animal": 5,
    "walk": 13,
    "volunteer": 3,
    "trait": 6,
    "score": 5,
    "created_at": "2026-05-03T23:42:01.953Z"
  }
},
{
  "model": "reviews.behaviorreview",
  "pk": 75,
  "fields": {
    "animal": 5,
    "walk": 13,
    "volunteer": 3,
    "trait": 7,
    "score": 4,
    "created_at": "2026-05-03T23:42:02.006Z"
  }
},
{
  "model": "reviews.behaviorreview",
  "pk": 76,
  "fields": {
    "animal": 5,
    "walk": 13,
    "volunteer": 3,
    "trait": 4,
    "score": 5,
    "created_at": "2026-05-03T23:42:02.038Z"
  }
},
{
  "model": "reviews.behaviorreview",
  "pk": 77,
  "fields": {
    "animal": 5,
    "walk": 13,
    "volunteer": 3,
    "trait": 5,
    "score": 5,
    "created_at": "2026-05-03T23:42:02.110Z"
  }
},
{
  "model": "reviews.behaviorreview",
  "pk": 78,
  "fields": {
    "animal": 5,
    "walk": 13,
    "volunteer": 3,
    "trait": 3,
    "score": 2,
    "created_at": "2026-05-03T23:42:02.143Z"
  }
},
{
  "model": "reviews.behaviorreview",
  "pk": 79,
  "fields": {
    "animal": 5,
    "walk": 13,
    "volunteer": 3,
    "trait": 2,
    "score": 4,
    "created_at": "2026-05-03T23:42:02.222Z"
  }
},
{
  "model": "reviews.behaviorreview",
  "pk": 80,
  "fields": {
    "animal": 5,
    "walk": 13,
    "volunteer": 3,
    "trait": 9,
    "score": 5,
    "created_at": "2026-05-03T23:42:02.318Z"
  }
},
{
  "model": "reviews.behaviorreview",
  "pk": 81,
  "fields": {
    "animal": 1,
    "walk": 17,
    "volunteer": 1,
    "trait": 1,
    "score": 5,
    "created_at": "2026-05-13T22:43:21.026Z"
  }
},
{
  "model": "reviews.behaviorreview",
  "pk": 82,
  "fields": {
    "animal": 1,
    "walk": 17,
    "volunteer": 1,
    "trait": 11,
    "score": 2,
    "created_at": "2026-05-13T22:43:21.118Z"
  }
},
{
  "model": "reviews.behaviorreview",
  "pk": 83,
  "fields": {
    "animal": 1,
    "walk": 17,
    "volunteer": 1,
    "trait": 10,
    "score": 2,
    "created_at": "2026-05-13T22:43:21.316Z"
  }
},
{
  "model": "reviews.behaviorreview",
  "pk": 84,
  "fields": {
    "animal": 1,
    "walk": 17,
    "volunteer": 1,
    "trait": 6,
    "score": 5,
    "created_at": "2026-05-13T22:43:21.432Z"
  }
},
{
  "model": "reviews.behaviorreview",
  "pk": 85,
  "fields": {
    "animal": 1,
    "walk": 17,
    "volunteer": 1,
    "trait": 2,
    "score": 4,
    "created_at": "2026-05-13T22:43:21.547Z"
  }
},
{
  "model": "reviews.behaviorreview",
  "pk": 86,
  "fields": {
    "animal": 1,
    "walk": 17,
    "volunteer": 1,
    "trait": 9,
    "score": 5,
    "created_at": "2026-05-13T22:43:21.733Z"
  }
},
{
  "model": "reviews.behaviorreview",
  "pk": 87,
  "fields": {
    "animal": 4,
    "walk": 18,
    "volunteer": 1,
    "trait": 1,
    "score": 5,
    "created_at": "2026-05-14T11:49:13.175Z"
  }
},
{
  "model": "reviews.behaviorreview",
  "pk": 88,
  "fields": {
    "animal": 4,
    "walk": 18,
    "volunteer": 1,
    "trait": 11,
    "score": 1,
    "created_at": "2026-05-14T11:49:13.263Z"
  }
},
{
  "model": "reviews.behaviorreview",
  "pk": 89,
  "fields": {
    "animal": 4,
    "walk": 18,
    "volunteer": 1,
    "trait": 10,
    "score": 1,
    "created_at": "2026-05-14T11:49:13.353Z"
  }
},
{
  "model": "reviews.behaviorreview",
  "pk": 90,
  "fields": {
    "animal": 4,
    "walk": 18,
    "volunteer": 1,
    "trait": 6,
    "score": 3,
    "created_at": "2026-05-14T11:49:13.448Z"
  }
},
{
  "model": "reviews.behaviorreview",
  "pk": 91,
  "fields": {
    "animal": 4,
    "walk": 18,
    "volunteer": 1,
    "trait": 7,
    "score": 5,
    "created_at": "2026-05-14T11:49:13.561Z"
  }
},
{
  "model": "reviews.behaviorreview",
  "pk": 92,
  "fields": {
    "animal": 4,
    "walk": 18,
    "volunteer": 1,
    "trait": 4,
    "score": 2,
    "created_at": "2026-05-14T11:49:13.660Z"
  }
},
{
  "model": "reviews.behaviorreview",
  "pk": 93,
  "fields": {
    "animal": 4,
    "walk": 18,
    "volunteer": 1,
    "trait": 5,
    "score": 5,
    "created_at": "2026-05-14T11:49:13.736Z"
  }
},
{
  "model": "reviews.behaviorreview",
  "pk": 94,
  "fields": {
    "animal": 4,
    "walk": 18,
    "volunteer": 1,
    "trait": 3,
    "score": 2,
    "created_at": "2026-05-14T11:49:13.794Z"
  }
},
{
  "model": "reviews.behaviorreview",
  "pk": 95,
  "fields": {
    "animal": 4,
    "walk": 18,
    "volunteer": 1,
    "trait": 2,
    "score": 5,
    "created_at": "2026-05-14T11:49:13.847Z"
  }
},
{
  "model": "reviews.behaviorreview",
  "pk": 96,
  "fields": {
    "animal": 4,
    "walk": 18,
    "volunteer": 1,
    "trait": 9,
    "score": 5,
    "created_at": "2026-05-14T11:49:13.907Z"
  }
},
{
  "model": "reviews.behaviorcomment",
  "pk": 1,
  "fields": {
    "animal": 1,
    "walk": 1,
    "volunteer": 1,
    "comment": "Нетипова реакція на дітей",
    "created_at": "2026-04-29T19:57:37.349Z"
  }
},
{
  "model": "reviews.behaviorcomment",
  "pk": 2,
  "fields": {
    "animal": 1,
    "walk": 4,
    "volunteer": 1,
    "comment": "боїться дітей",
    "created_at": "2026-04-29T21:59:01.077Z"
  }
},
{
  "model": "reviews.behaviorcomment",
  "pk": 3,
  "fields": {
    "animal": 1,
    "walk": 17,
    "volunteer": 1,
    "comment": "під час прогулянки любить носити в зубах повідець",
    "created_at": "2026-05-13T22:43:22.184Z"
  }
},
{
  "model": "reviews.behaviorcomment",
  "pk": 4,
  "fields": {
    "animal": 4,
    "walk": 18,
    "volunteer": 1,
    "comment": "білка класна",
    "created_at": "2026-05-14T11:49:13.960Z"
  }
},
{
  "model": "reviews.animalspecifictrait",
  "pk": 4,
  "fields": {
    "animal": 1,
    "name": "Боязнь дітей",
    "created_at": "2026-04-30T18:57:06.343Z"
  }
},
{
  "model": "reviews.animaltraitsuggestion",
  "pk": 4,
  "fields": {
    "animal": 1,
    "suggested_trait_name": "Боязнь дітей",
    "summary": "2 волонтери зазначили, що Арчі боїться дітей та має нетипову реакцію на них.",
    "comments_count": 2,
    "is_approved": true,
    "is_rejected": false,
    "created_at": "2026-04-30T18:56:48.544Z"
  }
},
{
  "model": "reviews.animalspecifictraitreview",
  "pk": 6,
  "fields": {
    "animal": 1,
    "walk": 6,
    "volunteer": 1,
    "trait": 4,
    "answer": true,
    "created_at": "2026-04-30T20:48:14.986Z"
  }
},
{
  "model": "reviews.animalspecifictraitreview",
  "pk": 7,
  "fields": {
    "animal": 1,
    "walk": 17,
    "volunteer": 1,
    "trait": 4,
    "answer": true,
    "created_at": "2026-05-13T22:43:21.944Z"
  }
},
{
  "model": "users.volunteerprofile",
  "pk": 1,
  "fields": {
    "user": 2,
    "first_name": "Уляна",
    "last_name": "Трачук",
    "phone": "+380687656612",
    "birth_date": "2005-07-04",
    "profile_photo": "media/volunteers/photos/IMG_2740_zqzove",
    "missed_walks_count": 2,
    "is_blocked": false,
    "blocked_at": null,
    "block_reason": ""
  }
},
{
  "model": "users.volunteerprofile",
  "pk": 2,
  "fields": {
    "user": 3,
    "first_name": "Тарас",
    "last_name": "Рудик",
    "phone": "+380633223889",
    "birth_date": "2005-08-17",
    "profile_photo": "",
    "missed_walks_count": 1,
    "is_blocked": false,
    "blocked_at": null,
    "block_reason": ""
  }
},
{
  "model": "users.volunteerprofile",
  "pk": 3,
  "fields": {
    "user": 4,
    "first_name": "Олена",
    "last_name": "Слобода",
    "phone": "+380682543379",
    "birth_date": "2005-08-20",
    "profile_photo": "",
    "missed_walks_count": 0,
    "is_blocked": false,
    "blocked_at": null,
    "block_reason": ""
  }
},
{
  "model": "users.volunteerprofile",
  "pk": 4,
  "fields": {
    "user": 5,
    "first_name": "Марина",
    "last_name": "Мидлик",
    "phone": "+380682943375",
    "birth_date": "2001-02-22",
    "profile_photo": "",
    "missed_walks_count": 0,
    "is_blocked": false,
    "blocked_at": null,
    "block_reason": ""
  }
},
{
  "model": "users.preferencecriterion",
  "pk": 1,
  "fields": {
    "name": "Тягне повідець"
  }
},
{
  "model": "users.preferencecriterion",
  "pk": 2,
  "fields": {
    "name": "Гіперактивний"
  }
},
{
  "model": "users.preferencecriterion",
  "pk": 4,
  "fields": {
    "name": "Дратівливий до гучних звуків"
  }
},
{
  "model": "users.volunteerpreference",
  "pk": 1,
  "fields": {
    "volunteer": 1,
    "criterion": 1,
    "is_enabled": false
  }
},
{
  "model": "users.volunteerpreference",
  "pk": 2,
  "fields": {
    "volunteer": 2,
    "criterion": 1,
    "is_enabled": false
  }
},
{
  "model": "users.volunteerpreference",
  "pk": 3,
  "fields": {
    "volunteer": 3,
    "criterion": 1,
    "is_enabled": false
  }
},
{
  "model": "users.volunteerpreference",
  "pk": 4,
  "fields": {
    "volunteer": 4,
    "criterion": 1,
    "is_enabled": false
  }
},
{
  "model": "users.volunteerpreference",
  "pk": 5,
  "fields": {
    "volunteer": 1,
    "criterion": 2,
    "is_enabled": false
  }
},
{
  "model": "users.volunteerpreference",
  "pk": 6,
  "fields": {
    "volunteer": 2,
    "criterion": 2,
    "is_enabled": false
  }
},
{
  "model": "users.volunteerpreference",
  "pk": 7,
  "fields": {
    "volunteer": 3,
    "criterion": 2,
    "is_enabled": false
  }
},
{
  "model": "users.volunteerpreference",
  "pk": 8,
  "fields": {
    "volunteer": 4,
    "criterion": 2,
    "is_enabled": false
  }
},
{
  "model": "users.volunteerpreference",
  "pk": 9,
  "fields": {
    "volunteer": 1,
    "criterion": 4,
    "is_enabled": false
  }
},
{
  "model": "users.volunteerpreference",
  "pk": 10,
  "fields": {
    "volunteer": 2,
    "criterion": 4,
    "is_enabled": false
  }
},
{
  "model": "users.volunteerpreference",
  "pk": 11,
  "fields": {
    "volunteer": 3,
    "criterion": 4,
    "is_enabled": false
  }
},
{
  "model": "users.volunteerpreference",
  "pk": 12,
  "fields": {
    "volunteer": 4,
    "criterion": 4,
    "is_enabled": false
  }
}
]
