[{"model": "admin.logentry", "pk": 1, "fields": {"action_time": "2026-04-28T13:25:43.438Z", "user": 1, "content_type": 7, "object_id": "1", "object_repr": "Тягне повідець", "action_flag": 1, "change_message": "[{\"added\": {}}]"}}, {"model": "admin.logentry", "pk": 2, "fields": {"action_time": "2026-04-28T13:34:29.929Z", "user": 1, "content_type": 7, "object_id": "1", "object_repr": "Тягне повідець", "action_flag": 2, "change_message": "[]"}}, {"model": "admin.logentry", "pk": 3, "fields": {"action_time": "2026-04-28T13:34:45.557Z", "user": 1, "content_type": 8, "object_id": "1", "object_repr": "Уляна Трачук", "action_flag": 2, "change_message": "[{\"added\": {\"name\": \"Volunteer preference\", \"object\": \"\\u0423\\u043b\\u044f\\u043d\\u0430 \\u0422\\u0440\\u0430\\u0447\\u0443\\u043a - \\u0422\\u044f\\u0433\\u043d\\u0435 \\u043f\\u043e\\u0432\\u0456\\u0434\\u0435\\u0446\\u044c\"}}]"}}, {"model": "admin.logentry", "pk": 4, "fields": {"action_time": "2026-04-28T13:35:12.499Z", "user": 1, "content_type": 8, "object_id": "1", "object_repr": "Уляна Трачук", "action_flag": 2, "change_message": "[{\"changed\": {\"name\": \"Volunteer preference\", \"object\": \"\\u0423\\u043b\\u044f\\u043d\\u0430 \\u0422\\u0440\\u0430\\u0447\\u0443\\u043a - \\u0422\\u044f\\u0433\\u043d\\u0435 \\u043f\\u043e\\u0432\\u0456\\u0434\\u0435\\u0446\\u044c\", \"fields\": [\"Is enabled\"]}}]"}}, {"model": "admin.logentry", "pk": 5, "fields": {"action_time": "2026-04-29T11:21:46.220Z", "user": 1, "content_type": 7, "object_id": "2", "object_repr": "Гіперактивний", "action_flag": 1, "change_message": "[{\"added\": {}}]"}}, {"model": "admin.logentry", "pk": 6, "fields": {"action_time": "2026-04-29T11:23:18.125Z", "user": 1, "content_type": 7, "object_id": "3", "object_repr": "Дратівливий", "action_flag": 1, "change_message": "[{\"added\": {}}]"}}, {"model": "admin.logentry", "pk": 7, "fields": {"action_time": "2026-04-29T11:24:21.299Z", "user": 1, "content_type": 9, "object_id": "2", "object_repr": "Уляна Трачук - Гіперактивний", "action_flag": 1, "change_message": "[{\"added\": {}}]"}}, {"model": "admin.logentry", "pk": 8, "fields": {"action_time": "2026-04-29T11:24:32.954Z", "user": 1, "content_type": 9, "object_id": "3", "object_repr": "Уляна Трачук - Дратівливий", "action_flag": 1, "change_message": "[{\"added\": {}}]"}}, {"model": "admin.logentry", "pk": 9, "fields": {"action_time": "2026-04-29T11:27:31.207Z", "user": 1, "content_type": 8, "object_id": "2", "object_repr": "Тарас Рудик", "action_flag": 2, "change_message": "[{\"changed\": {\"fields\": [\"Phone\"]}}]"}}, {"model": "admin.logentry", "pk": 10, "fields": {"action_time": "2026-04-29T11:30:08.257Z", "user": 1, "content_type": 9, "object_id": "4", "object_repr": "Тарас Рудик - Тягне повідець", "action_flag": 1, "change_message": "[{\"added\": {}}]"}}, {"model": "admin.logentry", "pk": 11, "fields": {"action_time": "2026-04-29T11:30:14.785Z", "user": 1, "content_type": 9, "object_id": "5", "object_repr": "Тарас Рудик - Гіперактивний", "action_flag": 1, "change_message": "[{\"added\": {}}]"}}, {"model": "admin.logentry", "pk": 12, "fields": {"action_time": "2026-04-29T11:30:20.614Z", "user": 1, "content_type": 9, "object_id": "6", "object_repr": "Тарас Рудик - Дратівливий", "action_flag": 1, "change_message": "[{\"added\": {}}]"}}, {"model": "admin.logentry", "pk": 13, "fields": {"action_time": "2026-04-29T11:31:53.138Z", "user": 1, "content_type": 9, "object_id": "6", "object_repr": "Тарас Рудик - Дратівливий", "action_flag": 3, "change_message": ""}}, {"model": "admin.logentry", "pk": 14, "fields": {"action_time": "2026-04-29T11:31:53.138Z", "user": 1, "content_type": 9, "object_id": "5", "object_repr": "Тарас Рудик - Гіперактивний", "action_flag": 3, "change_message": ""}}, {"model": "admin.logentry", "pk": 15, "fields": {"action_time": "2026-04-29T11:31:53.138Z", "user": 1, "content_type": 9, "object_id": "4", "object_repr": "Тарас Рудик - Тягне повідець", "action_flag": 3, "change_message": ""}}, {"model": "admin.logentry", "pk": 16, "fields": {"action_time": "2026-04-29T11:39:09.049Z", "user": 1, "content_type": 9, "object_id": "3", "object_repr": "Уляна Трачук - Дратівливий", "action_flag": 3, "change_message": ""}}, {"model": "admin.logentry", "pk": 17, "fields": {"action_time": "2026-04-29T11:39:09.049Z", "user": 1, "content_type": 9, "object_id": "2", "object_repr": "Уляна Трачук - Гіперактивний", "action_flag": 3, "change_message": ""}}, {"model": "admin.logentry", "pk": 18, "fields": {"action_time": "2026-04-29T11:39:09.049Z", "user": 1, "content_type": 9, "object_id": "1", "object_repr": "Уляна Трачук - Тягне повідець", "action_flag": 3, "change_message": ""}}, {"model": "admin.logentry", "pk": 19, "fields": {"action_time": "2026-04-29T11:45:07.157Z", "user": 1, "content_type": 10, "object_id": "1", "object_repr": "Арчі", "action_flag": 1, "change_message": "[{\"added\": {}}]"}}, {"model": "admin.logentry", "pk": 20, "fields": {"action_time": "2026-04-29T11:45:31.156Z", "user": 1, "content_type": 10, "object_id": "2", "object_repr": "Рольф", "action_flag": 1, "change_message": "[{\"added\": {}}]"}}, {"model": "admin.logentry", "pk": 21, "fields": {"action_time": "2026-04-29T11:45:57.307Z", "user": 1, "content_type": 10, "object_id": "3", "object_repr": "Барсік", "action_flag": 1, "change_message": "[{\"added\": {}}]"}}, {"model": "admin.logentry", "pk": 22, "fields": {"action_time": "2026-04-29T11:46:25.975Z", "user": 1, "content_type": 10, "object_id": "4", "object_repr": "Білка", "action_flag": 1, "change_message": "[{\"added\": {}}]"}}, {"model": "admin.logentry", "pk": 23, "fields": {"action_time": "2026-04-29T12:26:42.043Z", "user": 1, "content_type": 12, "object_id": "1", "object_repr": "Активна", "action_flag": 1, "change_message": "[{\"added\": {}}]"}}, {"model": "admin.logentry", "pk": 24, "fields": {"action_time": "2026-04-29T12:26:50.534Z", "user": 1, "content_type": 12, "object_id": "2", "object_repr": "Підходить для новачків", "action_flag": 1, "change_message": "[{\"added\": {}}]"}}, {"model": "admin.logentry", "pk": 25, "fields": {"action_time": "2026-04-29T12:26:56.561Z", "user": 1, "content_type": 12, "object_id": "3", "object_repr": "Потребує досвідченого волонтера", "action_flag": 1, "change_message": "[{\"added\": {}}]"}}, {"model": "admin.logentry", "pk": 26, "fields": {"action_time": "2026-04-29T12:27:07.360Z", "user": 1, "content_type": 12, "object_id": "4", "object_repr": "Легко йде на контакт", "action_flag": 1, "change_message": "[{\"added\": {}}]"}}, {"model": "admin.logentry", "pk": 27, "fields": {"action_time": "2026-04-29T12:27:13.684Z", "user": 1, "content_type": 12, "object_id": "5", "object_repr": "Любить бігати", "action_flag": 1, "change_message": "[{\"added\": {}}]"}}, {"model": "admin.logentry", "pk": 28, "fields": {"action_time": "2026-04-29T12:27:20.860Z", "user": 1, "content_type": 12, "object_id": "6", "object_repr": "Дружелюбна до людей", "action_flag": 1, "change_message": "[{\"added\": {}}]"}}, {"model": "admin.logentry", "pk": 29, "fields": {"action_time": "2026-04-29T12:27:29.485Z", "user": 1, "content_type": 12, "object_id": "7", "object_repr": "Дружелюбна до інших тварин", "action_flag": 1, "change_message": "[{\"added\": {}}]"}}, {"model": "admin.logentry", "pk": 30, "fields": {"action_time": "2026-04-29T12:27:43.264Z", "user": 1, "content_type": 12, "object_id": "8", "object_repr": "Дратівливий до гучних звуків", "action_flag": 1, "change_message": "[{\"added\": {}}]"}}, {"model": "admin.logentry", "pk": 31, "fields": {"action_time": "2026-04-29T12:27:56.443Z", "user": 1, "content_type": 12, "object_id": "9", "object_repr": "Тактильна", "action_flag": 1, "change_message": "[{\"added\": {}}]"}}, {"model": "admin.logentry", "pk": 32, "fields": {"action_time": "2026-04-29T12:28:04.102Z", "user": 1, "content_type": 12, "object_id": "10", "object_repr": "Боїться різких рухів", "action_flag": 1, "change_message": "[{\"added\": {}}]"}}, {"model": "admin.logentry", "pk": 33, "fields": {"action_time": "2026-04-29T12:28:09.931Z", "user": 1, "content_type": 12, "object_id": "11", "object_repr": "Боїться гучних звуків", "action_flag": 1, "change_message": "[{\"added\": {}}]"}}, {"model": "admin.logentry", "pk": 34, "fields": {"action_time": "2026-04-29T12:28:17.128Z", "user": 1, "content_type": 12, "object_id": "8", "object_repr": "Дратівливий до гучних звуків", "action_flag": 3, "change_message": ""}}, {"model": "admin.logentry", "pk": 35, "fields": {"action_time": "2026-04-29T12:28:33.096Z", "user": 1, "content_type": 7, "object_id": "3", "object_repr": "Дратівливий", "action_flag": 3, "change_message": ""}}, {"model": "admin.logentry", "pk": 36, "fields": {"action_time": "2026-04-29T12:28:42.345Z", "user": 1, "content_type": 7, "object_id": "4", "object_repr": "Дратівливий до гучних звуків", "action_flag": 1, "change_message": "[{\"added\": {}}]"}}, {"model": "admin.logentry", "pk": 37, "fields": {"action_time": "2026-04-29T19:57:37.351Z", "user": 1, "content_type": 16, "object_id": "1", "object_repr": "Арчі - Уляна Трачук", "action_flag": 1, "change_message": "[{\"added\": {}}]"}}, {"model": "admin.logentry", "pk": 38, "fields": {"action_time": "2026-04-29T20:00:06.007Z", "user": 1, "content_type": 16, "object_id": "1", "object_repr": "Арчі - Уляна Трачук", "action_flag": 2, "change_message": "[]"}}, {"model": "admin.logentry", "pk": 39, "fields": {"action_time": "2026-04-29T20:01:52.477Z", "user": 1, "content_type": 17, "object_id": "1", "object_repr": "Арчі - тест", "action_flag": 1, "change_message": "[{\"added\": {}}]"}}, {"model": "admin.logentry", "pk": 40, "fields": {"action_time": "2026-04-29T20:03:48.111Z", "user": 1, "content_type": 17, "object_id": "1", "object_repr": "Арчі - тест", "action_flag": 2, "change_message": "[]"}}, {"model": "admin.logentry", "pk": 41, "fields": {"action_time": "2026-04-29T20:05:48.218Z", "user": 1, "content_type": 17, "object_id": "1", "object_repr": "Арчі - тест", "action_flag": 2, "change_message": "[{\"changed\": {\"fields\": [\"Is approved\"]}}]"}}, {"model": "admin.logentry", "pk": 42, "fields": {"action_time": "2026-04-29T20:09:07.173Z", "user": 1, "content_type": 18, "object_id": "1", "object_repr": "Арчі - тест", "action_flag": 2, "change_message": "[]"}}, {"model": "admin.logentry", "pk": 43, "fields": {"action_time": "2026-04-29T21:47:43.152Z", "user": 1, "content_type": 16, "object_id": "1", "object_repr": "Арчі - Уляна Трачук", "action_flag": 2, "change_message": "[]"}}, {"model": "admin.logentry", "pk": 44, "fields": {"action_time": "2026-04-29T21:57:41.309Z", "user": 1, "content_type": 11, "object_id": "3", "object_repr": "Арчі - Уляна Трачук - completed", "action_flag": 3, "change_message": ""}}, {"model": "admin.logentry", "pk": 45, "fields": {"action_time": "2026-04-30T17:33:53.678Z", "user": 1, "content_type": 17, "object_id": "1", "object_repr": "Арчі - тест", "action_flag": 3, "change_message": ""}}, {"model": "admin.logentry", "pk": 46, "fields": {"action_time": "2026-04-30T18:47:52.267Z", "user": 1, "content_type": 17, "object_id": "2", "object_repr": "Арчі - Страх перед дітьми", "action_flag": 2, "change_message": "[{\"changed\": {\"fields\": [\"Suggested trait name\"]}}]"}}, {"model": "admin.logentry", "pk": 47, "fields": {"action_time": "2026-04-30T18:48:13.546Z", "user": 1, "content_type": 18, "object_id": "2", "object_repr": "Арчі - Страх перед дітьми", "action_flag": 2, "change_message": "[{\"changed\": {\"fields\": [\"Name\"]}}]"}}, {"model": "admin.logentry", "pk": 48, "fields": {"action_time": "2026-04-30T18:49:04.591Z", "user": 1, "content_type": 18, "object_id": "2", "object_repr": "Арчі - Страх перед дітьми", "action_flag": 3, "change_message": ""}}, {"model": "admin.logentry", "pk": 49, "fields": {"action_time": "2026-04-30T18:49:04.591Z", "user": 1, "content_type": 18, "object_id": "1", "object_repr": "Арчі - тест", "action_flag": 3, "change_message": ""}}, {"model": "admin.logentry", "pk": 50, "fields": {"action_time": "2026-04-30T18:50:14.821Z", "user": 1, "content_type": 17, "object_id": "3", "object_repr": "Арчі - Боязнь дітей", "action_flag": 2, "change_message": "[]"}}, {"model": "admin.logentry", "pk": 51, "fields": {"action_time": "2026-04-30T18:53:41.207Z", "user": 1, "content_type": 17, "object_id": "2", "object_repr": "Арчі - Страх перед дітьми", "action_flag": 3, "change_message": ""}}, {"model": "admin.logentry", "pk": 52, "fields": {"action_time": "2026-04-30T18:56:32.023Z", "user": 1, "content_type": 17, "object_id": "3", "object_repr": "Арчі - Боязнь дітей", "action_flag": 3, "change_message": ""}}, {"model": "admin.logentry", "pk": 53, "fields": {"action_time": "2026-04-30T18:56:37.206Z", "user": 1, "content_type": 18, "object_id": "3", "object_repr": "Арчі - Боязнь дітей", "action_flag": 3, "change_message": ""}}, {"model": "admin.logentry", "pk": 54, "fields": {"action_time": "2026-05-01T17:15:27.827Z", "user": 1, "content_type": 10, "object_id": "5", "object_repr": "Джек", "action_flag": 1, "change_message": "[{\"added\": {}}]"}}, {"model": "admin.logentry", "pk": 55, "fields": {"action_time": "2026-05-02T12:00:48.062Z", "user": 1, "content_type": 20, "object_id": "1", "object_repr": "Уляна Трачук - Попередження про пропущену прогулянку", "action_flag": 2, "change_message": "[]"}}, {"model": "admin.logentry", "pk": 56, "fields": {"action_time": "2026-05-03T22:43:40.986Z", "user": 1, "content_type": 14, "object_id": "1", "object_repr": "Чат #1 — Уляна Трачук", "action_flag": 2, "change_message": "[{\"added\": {\"name\": \"chat message\", \"object\": \"\\u0423\\u043b\\u044f\\u043d\\u0430 \\u0422\\u0440\\u0430\\u0447\\u0443\\u043a \\u2014 \\u041f\\u0440\\u0438\\u0432\\u0456\\u0442\"}}]"}}, {"model": "admin.logentry", "pk": 57, "fields": {"action_time": "2026-05-03T22:47:46.440Z", "user": 1, "content_type": 8, "object_id": "1", "object_repr": "Уляна Трачук", "action_flag": 2, "change_message": "[{\"changed\": {\"fields\": [\"Profile photo\"]}}]"}}, {"model": "admin.logentry", "pk": 58, "fields": {"action_time": "2026-05-04T10:51:23.198Z", "user": 1, "content_type": 11, "object_id": "14", "object_repr": "Арчі - Уляна Трачук - completed", "action_flag": 3, "change_message": ""}}, {"model": "admin.logentry", "pk": 59, "fields": {"action_time": "2026-05-04T10:53:28.012Z", "user": 1, "content_type": 20, "object_id": "8", "object_repr": "Уляна Трачук - Рекомендація щодо усиновлення", "action_flag": 3, "change_message": ""}}, {"model": "admin.logentry", "pk": 60, "fields": {"action_time": "2026-05-04T10:53:46.198Z", "user": 1, "content_type": 11, "object_id": "15", "object_repr": "Арчі - Уляна Трачук - completed", "action_flag": 3, "change_message": ""}}, {"model": "admin.logentry", "pk": 61, "fields": {"action_time": "2026-05-13T22:20:52.537Z", "user": 1, "content_type": 10, "object_id": "1", "object_repr": "Арчі", "action_flag": 2, "change_message": "[{\"changed\": {\"fields\": [\"Short description\"]}}]"}}, {"model": "admin.logentry", "pk": 62, "fields": {"action_time": "2026-05-13T22:59:15.867Z", "user": 1, "content_type": 14, "object_id": "1", "object_repr": "Чат #1 — Уляна Трачук", "action_flag": 2, "change_message": "[{\"deleted\": {\"name\": \"chat message\", \"object\": \"\\u0423\\u043b\\u044f\\u043d\\u0430 \\u0422\\u0440\\u0430\\u0447\\u0443\\u043a \\u2014 \\u041f\\u0440\\u0438\\u0432\\u0456\\u0442\"}}, {\"deleted\": {\"name\": \"chat message\", \"object\": \"\\u0423\\u043b\\u044f\\u043d\\u0430 \\u0422\\u0440\\u0430\\u0447\\u0443\\u043a \\u2014 \\u041f\\u0440\\u0438\\u0432\\u0456\\u0442\"}}, {\"deleted\": {\"name\": \"chat message\", \"object\": \"\\u0423\\u043b\\u044f\\u043d\\u0430 \\u0422\\u0440\\u0430\\u0447\\u0443\\u043a \\u2014 \\u0430\"}}]"}}, {"model": "admin.logentry", "pk": 63, "fields": {"action_time": "2026-05-13T23:04:07.749Z", "user": 1, "content_type": 14, "object_id": "1", "object_repr": "Чат #1 — Уляна Трачук", "action_flag": 2, "change_message": "[{\"added\": {\"name\": \"chat message\", \"object\": \"\\u0423\\u043b\\u044f\\u043d\\u0430 \\u0422\\u0440\\u0430\\u0447\\u0443\\u043a \\u2014 \\u0414\\u043e\\u0431\\u0440\\u043e\\u0433\\u043e \\u0432\\u0435\\u0447\\u043e\\u0440\\u0430, \\u043c\\u0438 \\u0432\\u0441\\u0435 \\u0440\\u043e\\u0437\\u0443\\u043c\\u0456\\u0454\"}}]"}}, {"model": "admin.logentry", "pk": 64, "fields": {"action_time": "2026-05-13T23:04:51.577Z", "user": 1, "content_type": 14, "object_id": "1", "object_repr": "Чат #1 — Уляна Трачук", "action_flag": 2, "change_message": "[{\"changed\": {\"name\": \"chat message\", \"object\": \"\\u0423\\u043b\\u044f\\u043d\\u0430 \\u0422\\u0440\\u0430\\u0447\\u0443\\u043a \\u2014 \\u0414\\u043e\\u0431\\u0440\\u0438\\u0439 \\u0434\\u0435\\u043d\\u044c, \\u043d\\u0430 \\u0437\\u0430\\u0432\\u0442\\u0440\\u0430 \\u0432 \\u043c\\u0435\\u043d\\u0435 \", \"fields\": [\"Text\"]}}, {\"changed\": {\"name\": \"chat message\", \"object\": \"\\u0423\\u043b\\u044f\\u043d\\u0430 \\u0422\\u0440\\u0430\\u0447\\u0443\\u043a \\u2014 \\u0414\\u043e\\u0431\\u0440\\u0438\\u0439 \\u0434\\u0435\\u043d\\u044c, \\u043c\\u0438 \\u0432\\u0441\\u0435 \\u0440\\u043e\\u0437\\u0443\\u043c\\u0456\\u0454\\u043c\\u043e.\", \"fields\": [\"Text\"]}}]"}}, {"model": "admin.logentry", "pk": 65, "fields": {"action_time": "2026-05-14T11:45:42.966Z", "user": 1, "content_type": 14, "object_id": "1", "object_repr": "Чат #1 — Уляна Трачук", "action_flag": 2, "change_message": "[{\"added\": {\"name\": \"chat message\", \"object\": \"\\u0423\\u043b\\u044f\\u043d\\u0430 \\u0422\\u0440\\u0430\\u0447\\u0443\\u043a \\u2014 fgtvbybn\"}}]"}}, {"model": "auth.user", "pk": 1, "fields": {"password": "pbkdf2_sha256$1000000$YASeloDKIel57LfpikUPhT$u3m1eHJJxcpW91WTc2a2Okq+oo+tJ8pzmdKEHNEw27U=", "last_login": "2026-05-13T22:16:54.920Z", "is_superuser": true, "username": "admin", "first_name": "", "last_name": "", "email": "uliana.trachuk.pp.2022@lpnu.ua", "is_staff": true, "is_active": true, "date_joined": "2026-04-28T13:20:16.211Z", "groups": [], "user_permissions": []}}, {"model": "auth.user", "pk": 2, "fields": {"password": "pbkdf2_sha256$1000000$cG592Rvj4TcxgIuUYpZIFT$0OkAJs8scA8t25LAMmqZB/nLmZydL0MH1RcSwFlnpgs=", "last_login": "2026-05-20T18:13:57.116Z", "is_superuser": false, "username": "ulianatrachuk@gmail.com", "first_name": "Уляна", "last_name": "Трачук", "email": "ulianatrachuk@gmail.com", "is_staff": false, "is_active": true, "date_joined": "2026-04-28T13:33:24.303Z", "groups": [], "user_permissions": []}}, {"model": "auth.user", "pk": 3, "fields": {"password": "pbkdf2_sha256$1000000$nncp1i7ktkCtmUCrGz6tG9$csmlsuqG+DkoQCXD4JNt5Z+rXDs+D5v3aEcafvpVxKY=", "last_login": "2026-05-14T11:58:09.527Z", "is_superuser": false, "username": "tarasrrr@gmail.com", "first_name": "Тарас", "last_name": "Рудик", "email": "tarasrrr@gmail.com", "is_staff": false, "is_active": true, "date_joined": "2026-04-29T11:26:58.564Z", "groups": [], "user_permissions": []}}, {"model": "auth.user", "pk": 4, "fields": {"password": "pbkdf2_sha256$1000000$2hj1m86QKB08DP0OF849ip$7TxUO8Wqj/3QJ7acKVPWuFmV5GeYTLDxUAJ8Ez1rb8E=", "last_login": "2026-05-04T00:29:56.133Z", "is_superuser": false, "username": "olenasloboda@gmail.com", "first_name": "Олена", "last_name": "Слобода", "email": "olenasloboda@gmail.com", "is_staff": false, "is_active": true, "date_joined": "2026-05-03T20:37:50.046Z", "groups": [], "user_permissions": []}}, {"model": "auth.user", "pk": 5, "fields": {"password": "pbkdf2_sha256$1000000$yYQTMXEOlDAEHlqV3ADpx1$V8+aMU8LDqkj16Ezl/dQ6tFZsJXhKdfzdksT6FsV/9Y=", "last_login": "2026-05-13T22:15:04.008Z", "is_superuser": false, "username": "marynam@gmail.com", "first_name": "Марина", "last_name": "Мидлик", "email": "marynam@gmail.com", "is_staff": false, "is_active": true, "date_joined": "2026-05-13T22:14:42.071Z", "groups": [], "user_permissions": []}}, {"model": "sessions.session", "pk": "0kfgg5t8lu6slzufk8urrqnebvtf6wtn", "fields": {"session_data": ".eJxVjDsOwjAQBe_iGln-JV5T0nMGa-1d4wBypDipEHeHSCmgfTPzXiLitta4dV7iROIsjDj9bgnzg9sO6I7tNss8t3WZktwVedAurzPx83K4fwcVe_3W6EpRmKw1mpJ3yikMGkkNnMElyOCJQI2kitfIo-PBUmAfGIw14EG8P_BzN9c:1wKQvc:svxdyuoFJyEYBaxUCOqyVVq3pH1cVfIjaF357utImTA", "expire_date": "2026-05-20T01:19:56.009Z"}}, {"model": "sessions.session", "pk": "0n9jcv146kyuqo5ubf5y87gaqv238mfx", "fields": {"session_data": ".eJxVjDsOwjAQBe_iGln-JV5T0nMGa-1d4wBypDipEHeHSCmgfTPzXiLitta4dV7iROIsjDj9bgnzg9sO6I7tNss8t3WZktwVedAurzPx83K4fwcVe_3W6EpRmKw1mpJ3yikMGkkNnMElyOCJQI2kitfIo-PBUmAfGIw14EG8P_BzN9c:1wKR0L:xC-_OKqqSw18NSugAeuduH-2b1aIluGPdusFAoY-i18", "expire_date": "2026-05-20T01:24:49.600Z"}}, {"model": "sessions.session", "pk": "2vy3zdi43bwv8e34lsqajhw4ct4c3igv", "fields": {"session_data": ".eJxVjEEOwiAQRe_C2hCGGVtw6b5nIDCAVA0kpV0Z765NutDtf-_9l3B-W4vbelrcHMVFoDj9bsHzI9UdxLuvtya51XWZg9wVedAupxbT83q4fwfF9_KtaRh1tsTAykYEQmLWYbQ4ABhSoDKGs8dgSGfjrUaDCiKz0axywCTeH7TNNv4:1wKhKA:3B1X8aSDlamNdOKLAkLNr3KTnrsHvltyqT79BtM3_7I", "expire_date": "2026-05-20T18:50:22.588Z"}}, {"model": "sessions.session", "pk": "3ojdrwg65wjk2za0pm2obaihcikihuqj", "fields": {"session_data": ".eJxVjEEOwiAQRe_C2hCGGVtw6b5nIDCAVA0kpV0Z765NutDtf-_9l3B-W4vbelrcHMVFoDj9bsHzI9UdxLuvtya51XWZg9wVedAupxbT83q4fwfF9_KtaRh1tsTAykYEQmLWYbQ4ABhSoDKGs8dgSGfjrUaDCiKz0axywCTeH7TNNv4:1wI4nX:Z9Q7ub4b5V8bUqKZhDg328Ru4DOhi0CsVFk3e03AJ4I", "expire_date": "2026-05-13T13:17:51.228Z"}}, {"model": "sessions.session", "pk": "4ksjpdudnnu8jd36cae5pb264ctn2urt", "fields": {"session_data": ".eJxVjDsOwjAQBe_iGln-JV5T0nMGa-1d4wBypDipEHeHSCmgfTPzXiLitta4dV7iROIsjDj9bgnzg9sO6I7tNss8t3WZktwVedAurzPx83K4fwcVe_3W6EpRmKw1mpJ3yikMGkkNnMElyOCJQI2kitfIo-PBUmAfGIw14EG8P_BzN9c:1wI2m0:8vQOGaH-t_tKn-MKfau-Z7Q_xq8qBupKI5rTQdsY2Dw", "expire_date": "2026-05-13T11:08:08.987Z"}}, {"model": "sessions.session", "pk": "4u5ks743uw1i8vhwmxdq46xx2pjqqt7i", "fields": {"session_data": ".eJxVjMsOgjAUBf-la9O0WLjVpXu-obkvBDU0obAy_rslYaHbmTnnbRJu65i2okuaxFyNN6dfRshPnXchD5zv2XKe12Uiuyf2sMX2WfR1O9q_gxHLWNcsoJ7F-RjbJnTaedDgAjJhaJ0InV1bMVAH4RIIKhjYNQNEBFZw5vMF5BE3-w:1wNHss:fOmtlAuwd4mccjRIhamf88bfDyd9im6gYgxL5IQJNsc", "expire_date": "2026-05-27T22:16:54.933Z"}}, {"model": "sessions.session", "pk": "5o0vl8kheztp5xbmyindp6jmb3ov3122", "fields": {"session_data": ".eJxVjEEOwiAQRe_C2hCGGVtw6b5nIDCAVA0kpV0Z765NutDtf-_9l3B-W4vbelrcHMVFoDj9bsHzI9UdxLuvtya51XWZg9wVedAupxbT83q4fwfF9_KtaRh1tsTAykYEQmLWYbQ4ABhSoDKGs8dgSGfjrUaDCiKz0axywCTeH7TNNv4:1wJ8SB:Kfsnb661WHSprwH-j_6hrhUEKDTh6NdIIXqqjP8y8Ko", "expire_date": "2026-05-16T11:24:11.182Z"}}, {"model": "sessions.session", "pk": "7eqri2en1lx5v2nzpnp0otbgwzwkg4ht", "fields": {"session_data": ".eJxVjDsOwjAQBe_iGln-JV5T0nMGa-1d4wBypDipEHeHSCmgfTPzXiLitta4dV7iROIsjDj9bgnzg9sO6I7tNss8t3WZktwVedAurzPx83K4fwcVe_3W6EpRmKw1mpJ3yikMGkkNnMElyOCJQI2kitfIo-PBUmAfGIw14EG8P_BzN9c:1wNI1t:aHbWWKp2G4P2-_AMTtnMLdW_8RfmgLE11guKEKoPhIc", "expire_date": "2026-05-27T22:26:13.200Z"}}, {"model": "sessions.session", "pk": "8brx0o9yg37lq9t5rn6hmsoc63bcskn6", "fields": {"session_data": ".eJxVjDsOwjAQBe_iGln-JV5T0nMGa-1d4wBypDipEHeHSCmgfTPzXiLitta4dV7iROIsjDj9bgnzg9sO6I7tNss8t3WZktwVedAurzPx83K4fwcVe_3W6EpRmKw1mpJ3yikMGkkNnMElyOCJQI2kitfIo-PBUmAfGIw14EG8P_BzN9c:1wJfEg:Dxb9Dk7ezqMQUePHGgG9QTRH-z2o0c9MuXYq2NnerYc", "expire_date": "2026-05-17T22:24:26.443Z"}}, {"model": "sessions.session", "pk": "8qsi7z552erxnus6pva85oi3h4idjgw9", "fields": {"session_data": ".eJxVjEEOwiAQRe_C2hBKGQGX7j0DGRhGqgaS0q6Md7dNutDtf-_9twi4LiWsPc9hInERRpx-t4jpmesO6IH13mRqdZmnKHdFHrTLW6P8uh7u30HBXrZaATtW6GzSoMirEWggjpppdBmNsx4404YQozYpKQAXQQ2RtT9bz-LzBfBZODg:1wJdZm:_JwXXRdC0BmgjRNjBwXid1RAnFJlmJbjrtJmf1ZC8R8", "expire_date": "2026-05-17T20:38:06.002Z"}}, {"model": "sessions.session", "pk": "9hsskzndvuep9ipmy9gwitnlg52ppf56", "fields": {"session_data": ".eJxVjEEOwiAQRe_C2hBKGQGX7j0DGRhGqgaS0q6Md7dNutDtf-_9twi4LiWsPc9hInERRpx-t4jpmesO6IH13mRqdZmnKHdFHrTLW6P8uh7u30HBXrZaATtW6GzSoMirEWggjpppdBmNsx4404YQozYpKQAXQQ2RtT9bz-LzBfBZODg:1wJfna:Nw0bx-gIYe2BEh15OalZrA4vMUqA15R6U-B_HK_VTgE", "expire_date": "2026-05-17T23:00:30.768Z"}}, {"model": "sessions.session", "pk": "b99zlcc1hb9d90axc2at8e6m5pk704wz", "fields": {"session_data": ".eJxVjEEOwiAQRe_C2hCGGVtw6b5nIDCAVA0kpV0Z765NutDtf-_9l3B-W4vbelrcHMVFoDj9bsHzI9UdxLuvtya51XWZg9wVedAupxbT83q4fwfF9_KtaRh1tsTAykYEQmLWYbQ4ABhSoDKGs8dgSGfjrUaDCiKz0axywCTeH7TNNv4:1wJdCp:naLlsP8Zpcfxd2uogQD1yEBnoGsRe6y2jpIB-76cxsM", "expire_date": "2026-05-17T20:14:23.810Z"}}, {"model": "sessions.session", "pk": "bi76v4lfv797idhuf0it7jwvrbpyt8lj", "fields": {"session_data": ".eJxVjDsOwjAQBe_iGln-JV5T0nMGa-1d4wBypDipEHeHSCmgfTPzXiLitta4dV7iROIsjDj9bgnzg9sO6I7tNss8t3WZktwVedAurzPx83K4fwcVe_3W6EpRmKw1mpJ3yikMGkkNnMElyOCJQI2kitfIo-PBUmAfGIw14EG8P_BzN9c:1wJe00:Oq1AbHxE263_FPahCNQFlZN3-r_6efjJS2hNmsHbnoM", "expire_date": "2026-05-17T21:05:12.603Z"}}, {"model": "sessions.session", "pk": "chgvoynnpa8f84a37dnajrdfwz6nwddm", "fields": {"session_data": ".eJxVjDsOwjAQBe_iGln-JV5T0nMGa-1d4wBypDipEHeHSCmgfTPzXiLitta4dV7iROIsjDj9bgnzg9sO6I7tNss8t3WZktwVedAurzPx83K4fwcVe_3W6EpRmKw1mpJ3yikMGkkNnMElyOCJQI2kitfIo-PBUmAfGIw14EG8P_BzN9c:1wKavR:9cHBnLaT-MDnBLxiqwD8x_FzQLgPmAuuoQRZOoinhiA", "expire_date": "2026-05-20T12:00:25.792Z"}}, {"model": "sessions.session", "pk": "dm095jgodwhgdrzvqzqj237i8plvmq0a", "fields": {"session_data": ".eJxVjDsOwjAQBe_iGln-JV5T0nMGa-1d4wBypDipEHeHSCmgfTPzXiLitta4dV7iROIsjDj9bgnzg9sO6I7tNss8t3WZktwVedAurzPx83K4fwcVe_3W6EpRmKw1mpJ3yikMGkkNnMElyOCJQI2kitfIo-PBUmAfGIw14EG8P_BzN9c:1wNIri:9fc1YTPj-D5SH0fb8hrkddiMBEP0T6fQuEzETeRaJao", "expire_date": "2026-05-27T23:19:46.554Z"}}, {"model": "sessions.session", "pk": "dr89picg4nwf73a3j55qwt3c7qfmtp11", "fields": {"session_data": ".eJxVjEEOwiAQRe_C2hBKGQGX7j0DGRhGqgaS0q6Md7dNutDtf-_9twi4LiWsPc9hInERRpx-t4jpmesO6IH13mRqdZmnKHdFHrTLW6P8uh7u30HBXrZaATtW6GzSoMirEWggjpppdBmNsx4404YQozYpKQAXQQ2RtT9bz-LzBfBZODg:1wJfDE:EkbGrsLlQdWKNgQ9ump5_MOqdISbEEaxeqMstZeXV34", "expire_date": "2026-05-17T22:22:56.718Z"}}, {"model": "sessions.session", "pk": "el0lr9dui7ugn4u0j3vpum0fql6mrslg", "fields": {"session_data": ".eJxVjDsOwjAQBe_iGln-JV5T0nMGa-1d4wBypDipEHeHSCmgfTPzXiLitta4dV7iROIsjDj9bgnzg9sO6I7tNss8t3WZktwVedAurzPx83K4fwcVe_3W6EpRmKw1mpJ3yikMGkkNnMElyOCJQI2kitfIo-PBUmAfGIw14EG8P_BzN9c:1wHiZM:CNTIBW2y6rErQoxdI_Z_hC91eY5BZ-LWIC3XGfmezzs", "expire_date": "2026-05-12T13:33:44.270Z"}}, {"model": "sessions.session", "pk": "et3ynuk1dlc7zhtttr6uxngcif1tks0m", "fields": {"session_data": ".eJxVjDsOwjAQBe_iGln-JV5T0nMGa-1d4wBypDipEHeHSCmgfTPzXiLitta4dV7iROIsjDj9bgnzg9sO6I7tNss8t3WZktwVedAurzPx83K4fwcVe_3W6EpRmKw1mpJ3yikMGkkNnMElyOCJQI2kitfIo-PBUmAfGIw14EG8P_BzN9c:1wI4lW:IbxIUG_6J7qyJbfwBWRDbL3URW6xZMTS_WyyU_cgDI0", "expire_date": "2026-05-13T13:15:46.994Z"}}, {"model": "sessions.session", "pk": "fk1wzdh41c1bmmzwvrclhcovtjx6luzs", "fields": {"session_data": ".eJxVjEEOwiAQRe_C2hCGGVtw6b5nIDCAVA0kpV0Z765NutDtf-_9l3B-W4vbelrcHMVFoDj9bsHzI9UdxLuvtya51XWZg9wVedAupxbT83q4fwfF9_KtaRh1tsTAykYEQmLWYbQ4ABhSoDKGs8dgSGfjrUaDCiKz0axywCTeH7TNNv4:1wI4MG:v80GBkK2c8L_SVrn1WUR5n3QRHetskuZ7eR5vxTSQeM", "expire_date": "2026-05-13T12:49:40.654Z"}}, {"model": "sessions.session", "pk": "fkjatbcmw3q35ldelof0mvh37qc7hau5", "fields": {"session_data": ".eJxVjEEOwiAQRe_C2hCGGVtw6b5nIDCAVA0kpV0Z765NutDtf-_9l3B-W4vbelrcHMVFoDj9bsHzI9UdxLuvtya51XWZg9wVedAupxbT83q4fwfF9_KtaRh1tsTAykYEQmLWYbQ4ABhSoDKGs8dgSGfjrUaDCiKz0axywCTeH7TNNv4:1wNUhd:GekKOlmwuPJ-ITthNsToYIWodX-NnjrAHAvTb9e3gPI", "expire_date": "2026-05-28T11:58:09.533Z"}}, {"model": "sessions.session", "pk": "gq1q154qq05u3gfv02p3czkv769ihzv3", "fields": {"session_data": ".eJxVjDsOwjAQBe_iGln-JV5T0nMGa-1d4wBypDipEHeHSCmgfTPzXiLitta4dV7iROIsjDj9bgnzg9sO6I7tNss8t3WZktwVedAurzPx83K4fwcVe_3W6EpRmKw1mpJ3yikMGkkNnMElyOCJQI2kitfIo-PBUmAfGIw14EG8P_BzN9c:1wI3JE:c9a47qu-ZKSKWSSHouowiRNd_gJ3vRFwHhnsAm8v-X0", "expire_date": "2026-05-13T11:42:28.655Z"}}, {"model": "sessions.session", "pk": "h3h2xrm0wsai01xni3q30d4ndro3i9h6", "fields": {"session_data": ".eJxVjEEOwiAQRe_C2hCGGVtw6b5nIDCAVA0kpV0Z765NutDtf-_9l3B-W4vbelrcHMVFoDj9bsHzI9UdxLuvtya51XWZg9wVedAupxbT83q4fwfF9_KtaRh1tsTAykYEQmLWYbQ4ABhSoDKGs8dgSGfjrUaDCiKz0axywCTeH7TNNv4:1wJr2X:RWBplWQUFRhQSuPgD81z7JiABq8HQv8Kjt3NGfjCG9I", "expire_date": "2026-05-18T11:00:41.775Z"}}, {"model": "sessions.session", "pk": "h3rcg1ltzc12rhfw2vr2cuylrc6dctb9", "fields": {"session_data": ".eJxVjDsOwjAQBe_iGln-JV5T0nMGa-1d4wBypDipEHeHSCmgfTPzXiLitta4dV7iROIsjDj9bgnzg9sO6I7tNss8t3WZktwVedAurzPx83K4fwcVe_3W6EpRmKw1mpJ3yikMGkkNnMElyOCJQI2kitfIo-PBUmAfGIw14EG8P_BzN9c:1wIBEK:DhcDfxeQruZb_P9_2dUAcsiE_ml81zIcHx8TleHeCcM", "expire_date": "2026-05-13T20:09:56.395Z"}}, {"model": "sessions.session", "pk": "j73ho5v3tfefb5ep0kpt3drokj6yn19x", "fields": {"session_data": ".eJxVjDsOwjAQBe_iGln-JV5T0nMGa-1d4wBypDipEHeHSCmgfTPzXiLitta4dV7iROIsjDj9bgnzg9sO6I7tNss8t3WZktwVedAurzPx83K4fwcVe_3W6EpRmKw1mpJ3yikMGkkNnMElyOCJQI2kitfIo-PBUmAfGIw14EG8P_BzN9c:1wJh1F:cpI5-o-XZl-RSQ322hPo5tYvwACgljaCzEmrwr8pAdQ", "expire_date": "2026-05-18T00:18:41.153Z"}}, {"model": "sessions.session", "pk": "j9tl7qsej6le08dwiv8unuusvfxq91m3", "fields": {"session_data": ".eJxVjDsOwjAQBe_iGln-JV5T0nMGa-1d4wBypDipEHeHSCmgfTPzXiLitta4dV7iROIsjDj9bgnzg9sO6I7tNss8t3WZktwVedAurzPx83K4fwcVe_3W6EpRmKw1mpJ3yikMGkkNnMElyOCJQI2kitfIo-PBUmAfGIw14EG8P_BzN9c:1wI7dJ:mVuGxZCcp5nv23EaqvUZkgWyj0aSnfAJCIaxCxsnSQY", "expire_date": "2026-05-13T16:19:29.688Z"}}, {"model": "sessions.session", "pk": "k5sferm1g5zm9i2jr64hbifa51g5dw0z", "fields": {"session_data": ".eJxVjDsOwjAQBe_iGln-JV5T0nMGa-1d4wBypDipEHeHSCmgfTPzXiLitta4dV7iROIsjDj9bgnzg9sO6I7tNss8t3WZktwVedAurzPx83K4fwcVe_3W6EpRmKw1mpJ3yikMGkkNnMElyOCJQI2kitfIo-PBUmAfGIw14EG8P_BzN9c:1wI4r0:K3xyPb-WYpHvX6v8fT5IBOdapz5-DT03CRs_MAHXfZg", "expire_date": "2026-05-13T13:21:26.931Z"}}, {"model": "sessions.session", "pk": "k6tk91nnq56txcbghk5ezo88w27sv3yw", "fields": {"session_data": ".eJxVjDsOwjAQBe_iGln-JV5T0nMGa-1d4wBypDipEHeHSCmgfTPzXiLitta4dV7iROIsjDj9bgnzg9sO6I7tNss8t3WZktwVedAurzPx83K4fwcVe_3W6EpRmKw1mpJ3yikMGkkNnMElyOCJQI2kitfIo-PBUmAfGIw14EG8P_BzN9c:1wJ7cc:mxN8WpU1xmCn6LSw4ELwq8vUtz5eBoctTHAwQypEzNw", "expire_date": "2026-05-16T10:30:54.849Z"}}, {"model": "sessions.session", "pk": "m8v3ztlr9ywlsjluvkvbpwkq28f3qjds", "fields": {"session_data": ".eJxVjDsOwjAQBe_iGln-JV5T0nMGa-1d4wBypDipEHeHSCmgfTPzXiLitta4dV7iROIsjDj9bgnzg9sO6I7tNss8t3WZktwVedAurzPx83K4fwcVe_3W6EpRmKw1mpJ3yikMGkkNnMElyOCJQI2kitfIo-PBUmAfGIw14EG8P_BzN9c:1wJhDs:GwrzVxgGpJ22Ka7OVnX9H3K7Egqoc-vHvi8xK7zLFO8", "expire_date": "2026-05-18T00:31:44.521Z"}}, {"model": "sessions.session", "pk": "mrja9c8nyc157bztnbpso63muz11rfxk", "fields": {"session_data": ".eJxVjEEOwiAQRe_C2hCGGVtw6b5nIDCAVA0kpV0Z765NutDtf-_9l3B-W4vbelrcHMVFoDj9bsHzI9UdxLuvtya51XWZg9wVedAupxbT83q4fwfF9_KtaRh1tsTAykYEQmLWYbQ4ABhSoDKGs8dgSGfjrUaDCiKz0axywCTeH7TNNv4:1wI34z:boGWsf-zH2aoQg9vRlFbNQk16PpD_McmPlm44nMzneg", "expire_date": "2026-05-13T11:27:45.696Z"}}, {"model": "sessions.session", "pk": "ooauyny464kjvblq34z27pz3ikke7h82", "fields": {"session_data": ".eJxVjMsOgjAUBf-la9O0WLjVpXu-obkvBDU0obAy_rslYaHbmTnnbRJu65i2okuaxFyNN6dfRshPnXchD5zv2XKe12Uiuyf2sMX2WfR1O9q_gxHLWNcsoJ7F-RjbJnTaedDgAjJhaJ0InV1bMVAH4RIIKhjYNQNEBFZw5vMF5BE3-w:1wHiMn:jaSYnax_QJ66w6fAt8yR7KxmCAYzeK4y8voxrdpi8tI", "expire_date": "2026-05-12T13:20:45.888Z"}}, {"model": "sessions.session", "pk": "p19j3i0bdfdwlygphmhpmg3oz71cisa5", "fields": {"session_data": ".eJxVjDsOwjAQBe_iGln-JV5T0nMGa-1d4wBypDipEHeHSCmgfTPzXiLitta4dV7iROIsjDj9bgnzg9sO6I7tNss8t3WZktwVedAurzPx83K4fwcVe_3W6EpRmKw1mpJ3yikMGkkNnMElyOCJQI2kitfIo-PBUmAfGIw14EG8P_BzN9c:1wKbpI:y3XF4zucGwApZ_4JNGtBgAbLDslFtQnStgRiFcYpXwg", "expire_date": "2026-05-20T12:58:08.378Z"}}, {"model": "sessions.session", "pk": "pzkwu36zgagkx9yf5903zmud3km142t2", "fields": {"session_data": ".eJxVjEEOwiAQRe_C2hCGGVtw6b5nIDCAVA0kpV0Z765NutDtf-_9l3B-W4vbelrcHMVFoDj9bsHzI9UdxLuvtya51XWZg9wVedAupxbT83q4fwfF9_KtaRh1tsTAykYEQmLWYbQ4ABhSoDKGs8dgSGfjrUaDCiKz0axywCTeH7TNNv4:1wI7ZR:Eox9tdT35_D-rwi8Wb11aJfrkpPy2zkkcO0T4lLy2FU", "expire_date": "2026-05-13T16:15:29.085Z"}}, {"model": "sessions.session", "pk": "rn5qn7rvl9qtdoxf7s6i5t4ctgxm6lj7", "fields": {"session_data": ".eJxVjEEOwiAQRe_C2hCGGVtw6b5nIDCAVA0kpV0Z765NutDtf-_9l3B-W4vbelrcHMVFoDj9bsHzI9UdxLuvtya51XWZg9wVedAupxbT83q4fwfF9_KtaRh1tsTAykYEQmLWYbQ4ABhSoDKGs8dgSGfjrUaDCiKz0axywCTeH7TNNv4:1wI8RS:AGAHb6FyPFFjtkyXUV02e9YugX4bZyNpRPEqIhT3NhQ", "expire_date": "2026-05-13T17:11:18.395Z"}}, {"model": "sessions.session", "pk": "rxbub8no5o5glu0taa386fyzlz16jj6t", "fields": {"session_data": ".eJxVjDsOwjAQBe_iGln-JV5T0nMGa-1d4wBypDipEHeHSCmgfTPzXiLitta4dV7iROIsjDj9bgnzg9sO6I7tNss8t3WZktwVedAurzPx83K4fwcVe_3W6EpRmKw1mpJ3yikMGkkNnMElyOCJQI2kitfIo-PBUmAfGIw14EG8P_BzN9c:1wKQv6:o5I32CucdxGgUC962tz-XEi4UJZkITIDdiZUg7kL00U", "expire_date": "2026-05-20T01:19:24.971Z"}}, {"model": "sessions.session", "pk": "s6x5plpn7yeruxvezsd0irk74s6c2c57", "fields": {"session_data": ".eJxVjDsOwjAQBe_iGln-JV5T0nMGa-1d4wBypDipEHeHSCmgfTPzXiLitta4dV7iROIsjDj9bgnzg9sO6I7tNss8t3WZktwVedAurzPx83K4fwcVe_3W6EpRmKw1mpJ3yikMGkkNnMElyOCJQI2kitfIo-PBUmAfGIw14EG8P_BzN9c:1wKREw:61MWfTCQVNSYmYbQWeqlfsQXKYrmX9UwtFq9LG5_49U", "expire_date": "2026-05-20T01:39:54.134Z"}}, {"model": "sessions.session", "pk": "skxz528vag6s70exxnib9djm9jppdbl0", "fields": {"session_data": ".eJxVjEEOwiAQRe_C2hCGGVtw6b5nIDCAVA0kpV0Z765NutDtf-_9l3B-W4vbelrcHMVFoDj9bsHzI9UdxLuvtya51XWZg9wVedAupxbT83q4fwfF9_KtaRh1tsTAykYEQmLWYbQ4ABhSoDKGs8dgSGfjrUaDCiKz0axywCTeH7TNNv4:1wJFRf:NYBB3DB6FU384EFVSk9KFE6qOsWL4ieWI3dTHq_J-kM", "expire_date": "2026-05-16T18:52:07.132Z"}}, {"model": "sessions.session", "pk": "smtmzqzysvxnmtlbpal51vq6tw0elj6d", "fields": {"session_data": ".eJxVjEEOwiAQRe_C2hBKGQGX7j0DGRhGqgaS0q6Md7dNutDtf-_9twi4LiWsPc9hInERRpx-t4jpmesO6IH13mRqdZmnKHdFHrTLW6P8uh7u30HBXrZaATtW6GzSoMirEWggjpppdBmNsx4404YQozYpKQAXQQ2RtT9bz-LzBfBZODg:1wJhC8:WcuRzLfmhRsofHfNsyonAjcsKa5DKfmxZyPG3kIaVgk", "expire_date": "2026-05-18T00:29:56.138Z"}}, {"model": "sessions.session", "pk": "t7sd1u0h309v9jtkw8q1lmdhk6cjjas7", "fields": {"session_data": ".eJxVjDsOwjAQBe_iGln-JV5T0nMGa-1d4wBypDipEHeHSCmgfTPzXiLitta4dV7iROIsjDj9bgnzg9sO6I7tNss8t3WZktwVedAurzPx83K4fwcVe_3W6EpRmKw1mpJ3yikMGkkNnMElyOCJQI2kitfIo-PBUmAfGIw14EG8P_BzN9c:1wNIr1:4qvH9F4dJ9tiPiPuwTUShGGd8HMSQlFB3LtwCfQW1nc", "expire_date": "2026-05-27T23:19:03.047Z"}}, {"model": "sessions.session", "pk": "tllt1urf0796gepsbltd28hu5mrymlav", "fields": {"session_data": ".eJxVjDsOwjAQBe_iGln-JV5T0nMGa-1d4wBypDipEHeHSCmgfTPzXiLitta4dV7iROIsjDj9bgnzg9sO6I7tNss8t3WZktwVedAurzPx83K4fwcVe_3W6EpRmKw1mpJ3yikMGkkNnMElyOCJQI2kitfIo-PBUmAfGIw14EG8P_BzN9c:1wJ8yf:irCd9sMICJKs6BczteLglqLY2J7twMzggWoT0HTE0rU", "expire_date": "2026-05-16T11:57:45.565Z"}}, {"model": "sessions.session", "pk": "utrkpq64rmgpfwj5319bgebqpr9tlb51", "fields": {"session_data": ".eJxVjEEOwiAQRe_C2hCGGVtw6b5nIDCAVA0kpV0Z765NutDtf-_9l3B-W4vbelrcHMVFoDj9bsHzI9UdxLuvtya51XWZg9wVedAupxbT83q4fwfF9_KtaRh1tsTAykYEQmLWYbQ4ABhSoDKGs8dgSGfjrUaDCiKz0axywCTeH7TNNv4:1wJfCh:ncFX-Diaiw82zsZoZJ-lLnnbYxUMdaZ4VlXjcenMyFM", "expire_date": "2026-05-17T22:22:23.734Z"}}, {"model": "sessions.session", "pk": "yuuad8lsit5sjz4m9g07fdj9qnfjo79d", "fields": {"session_data": ".eJxVjDsOwjAQBe_iGln-JV5T0nMGa-1d4wBypDipEHeHSCmgfTPzXiLitta4dV7iROIsjDj9bgnzg9sO6I7tNss8t3WZktwVedAurzPx83K4fwcVe_3W6EpRmKw1mpJ3yikMGkkNnMElyOCJQI2kitfIo-PBUmAfGIw14EG8P_BzN9c:1wJZwl:JGLk8j1WRbsNlPVLhwKKYoikwU9yjs4MDderMOe9EsU", "expire_date": "2026-05-17T16:45:35.699Z"}}, {"model": "sessions.session", "pk": "zaf87hgw929o4urg24e1h4bhobxd523r", "fields": {"session_data": ".eJxVjDsOwjAQBe_iGln-JV5T0nMGa-1d4wBypDipEHeHSCmgfTPzXiLitta4dV7iROIsjDj9bgnzg9sO6I7tNss8t3WZktwVedAurzPx83K4fwcVe_3W6EpRmKw1mpJ3yikMGkkNnMElyOCJQI2kitfIo-PBUmAfGIw14EG8P_BzN9c:1wPlQb:Lk8zOqX-1AwKr1X_4oNrfAA4vmy24uic51GTDCpD_74", "expire_date": "2026-06-03T18:13:57.121Z"}}, {"model": "sessions.session", "pk": "zy4vrtgb02hoyi7sx93ygezxav97fu5l", "fields": {"session_data": ".eJxVjMsOwiAQRf-FtSEMhYFx6d5vIDylaiAp7cr479qkC93ec859Mee3tbpt5MXNiZ2ZZqffLfj4yG0H6e7brfPY27rMge8KP-jg157y83K4fwfVj_qtUQuUGCZQKaC1BjVEUAW9jMUEsqJMlghszBiBtDCTIpI2ACiBigx7fwCwczYV:1wNHr6:JJsjikuseyCRMCqytr6wgDj2XaVmYNpHVhOOf6KK9bw", "expire_date": "2026-05-27T22:15:04.017Z"}}, {"model": "users.volunteerprofile", "pk": 1, "fields": {"user": 2, "first_name": "Уляна", "last_name": "Трачук", "phone": "+380687656612", "birth_date": "2005-07-04", "profile_photo": "", "missed_walks_count": 2, "is_blocked": false, "blocked_at": null, "block_reason": ""}}, {"model": "users.volunteerprofile", "pk": 2, "fields": {"user": 3, "first_name": "Тарас", "last_name": "Рудик", "phone": "+380633223889", "birth_date": "2005-08-17", "profile_photo": "", "missed_walks_count": 1, "is_blocked": false, "blocked_at": null, "block_reason": ""}}, {"model": "users.volunteerprofile", "pk": 3, "fields": {"user": 4, "first_name": "Олена", "last_name": "Слобода", "phone": "+380682543379", "birth_date": "2005-08-20", "profile_photo": "", "missed_walks_count": 0, "is_blocked": false, "blocked_at": null, "block_reason": ""}}, {"model": "users.volunteerprofile", "pk": 4, "fields": {"user": 5, "first_name": "Марина", "last_name": "Мидлик", "phone": "+380682943375", "birth_date": "2001-02-22", "profile_photo": "", "missed_walks_count": 0, "is_blocked": false, "blocked_at": null, "block_reason": ""}}, {"model": "users.preferencecriterion", "pk": 1, "fields": {"name": "Тягне повідець"}}, {"model": "users.preferencecriterion", "pk": 2, "fields": {"name": "Гіперактивний"}}, {"model": "users.preferencecriterion", "pk": 4, "fields": {"name": "Дратівливий до гучних звуків"}}, {"model": "users.volunteerpreference", "pk": 7, "fields": {"volunteer": 1, "criterion": 1, "is_enabled": true}}, {"model": "users.volunteerpreference", "pk": 8, "fields": {"volunteer": 1, "criterion": 2, "is_enabled": true}}, {"model": "users.volunteerpreference", "pk": 10, "fields": {"volunteer": 2, "criterion": 1, "is_enabled": false}}, {"model": "users.volunteerpreference", "pk": 11, "fields": {"volunteer": 2, "criterion": 2, "is_enabled": false}}, {"model": "users.volunteerpreference", "pk": 13, "fields": {"volunteer": 1, "criterion": 4, "is_enabled": false}}, {"model": "users.volunteerpreference", "pk": 14, "fields": {"volunteer": 2, "criterion": 4, "is_enabled": true}}, {"model": "users.volunteerpreference", "pk": 15, "fields": {"volunteer": 3, "criterion": 1, "is_enabled": false}}, {"model": "users.volunteerpreference", "pk": 16, "fields": {"volunteer": 3, "criterion": 2, "is_enabled": false}}, {"model": "users.volunteerpreference", "pk": 17, "fields": {"volunteer": 3, "criterion": 4, "is_enabled": true}}, {"model": "users.volunteerpreference", "pk": 18, "fields": {"volunteer": 4, "criterion": 1, "is_enabled": false}}, {"model": "users.volunteerpreference", "pk": 19, "fields": {"volunteer": 4, "criterion": 2, "is_enabled": false}}, {"model": "users.volunteerpreference", "pk": 20, "fields": {"volunteer": 4, "criterion": 4, "is_enabled": false}}, {"model": "animals.animal", "pk": 1, "fields": {"name": "Арчі", "breed": "", "age": 6, "sex": "male", "photo": "animals/photos/Archi_7YrZScF.jpg", "health_status": "здоровий", "short_description": "Арчі — молодий песик із добрими очима та дуже спокійним характером. Йому приблизно 6 років, і попри непросте минуле, він не втратив довіри до людей. Арчі потрапив до притулку після того, як кілька тижнів жив біля автобусної зупинки на околиці міста. Волонтери помітили, що він щодня приходив туди в один і той самий час, ніби чекав на когось.\r\n\r\nСпочатку Арчі був наляканим і майже не підходив до людей, але з часом почав відкриватися. Зараз це дуже лагідний і вдячний пес, який обожнює прогулянки, спокійно ходить на повідку та любить сидіти поруч із людиною. Особливо радіє, коли його гладять за вушком або дають улюблені ласощі.\r\n\r\nАрчі добре ладнає з іншими собаками, не проявляє агресії та швидко звикає до нових людей. Він стане чудовим другом для тих, хто шукає вірного й спокійного компаньйона.\r\n\r\nПопри все пережите, Арчі досі вірить, що одного дня знайде свій справжній дім — місце, де його більше ніколи не залишать.", "favorite_treats": "", "is_available": true, "qr_code": "", "ai_summary": "", "created_at": "2026-04-29T11:45:07.154Z"}}, {"model": "animals.animal", "pk": 2, "fields": {"name": "Рольф", "breed": "Німецька вівчарка", "age": 8, "sex": "male", "photo": "animals/photos/Rolf_6EiocB5.jfif", "health_status": "здоровий", "short_description": "", "favorite_treats": "", "is_available": true, "qr_code": "", "ai_summary": "", "created_at": "2026-04-29T11:45:31.154Z"}}, {"model": "animals.animal", "pk": 3, "fields": {"name": "Барсік", "breed": "", "age": 4, "sex": "male", "photo": "animals/photos/Barsik_h41TipD.jfif", "health_status": "здоровий", "short_description": "", "favorite_treats": "", "is_available": true, "qr_code": "", "ai_summary": "", "created_at": "2026-04-29T11:45:57.305Z"}}, {"model": "animals.animal", "pk": 4, "fields": {"name": "Білка", "breed": "", "age": 3, "sex": "female", "photo": "animals/photos/Bilka_x9ayDOk.jpg.webp", "health_status": "здорова", "short_description": "", "favorite_treats": "", "is_available": true, "qr_code": "", "ai_summary": "", "created_at": "2026-04-29T11:46:25.972Z"}}, {"model": "animals.animal", "pk": 5, "fields": {"name": "Джек", "breed": "", "age": 1, "sex": "male", "photo": "", "health_status": "здоровий", "short_description": "", "favorite_treats": "", "is_available": true, "qr_code": "", "ai_summary": "", "created_at": "2026-05-01T17:15:27.810Z"}}, {"model": "walks.walk", "pk": 1, "fields": {"volunteer": 1, "animal": 1, "planned_date": "2026-04-29", "planned_start_time": "15:25:00", "planned_end_time": "16:05:00", "started_at": "2026-04-29T12:19:49.584Z", "ended_at": "2026-04-29T12:48:12.988Z", "status": "completed", "final_activity_score": 4, "unexpected_situations_comment": "ні", "character_match_comment": "так", "overall_impression": 5, "completion_photo": "", "reminder_sent": false, "half_hour_reminder_sent": false, "created_at": "2026-04-29T12:19:42.755Z"}}, {"model": "walks.walk", "pk": 2, "fields": {"volunteer": 2, "animal": 3, "planned_date": "2026-04-29", "planned_start_time": "16:15:00", "planned_end_time": "16:45:00", "started_at": "2026-04-29T17:16:01.805Z", "ended_at": "2026-04-29T17:19:05.104Z", "status": "completed", "final_activity_score": 4, "unexpected_situations_comment": "ні", "character_match_comment": "так", "overall_impression": 5, "completion_photo": "", "reminder_sent": false, "half_hour_reminder_sent": false, "created_at": "2026-04-29T17:15:59.482Z"}}, {"model": "walks.walk", "pk": 4, "fields": {"volunteer": 1, "animal": 1, "planned_date": "2026-04-30", "planned_start_time": "10:00:00", "planned_end_time": "10:30:00", "started_at": "2026-04-29T21:58:36.575Z", "ended_at": "2026-04-30T12:38:17.767Z", "status": "completed", "final_activity_score": 4, "unexpected_situations_comment": "", "character_match_comment": "", "overall_impression": 4, "completion_photo": "", "reminder_sent": false, "half_hour_reminder_sent": false, "created_at": "2026-04-29T21:58:35.106Z"}}, {"model": "walks.walk", "pk": 5, "fields": {"volunteer": 1, "animal": 1, "planned_date": "2026-05-01", "planned_start_time": "10:00:00", "planned_end_time": "10:30:00", "started_at": "2026-04-30T16:12:07.730Z", "ended_at": "2026-04-30T16:47:41.250Z", "status": "completed", "final_activity_score": 4, "unexpected_situations_comment": "", "character_match_comment": "", "overall_impression": 4, "completion_photo": "", "reminder_sent": false, "half_hour_reminder_sent": false, "created_at": "2026-04-30T16:12:04.298Z"}}, {"model": "walks.walk", "pk": 6, "fields": {"volunteer": 1, "animal": 1, "planned_date": "2026-05-02", "planned_start_time": "12:00:00", "planned_end_time": "12:30:00", "started_at": "2026-04-30T18:44:13.154Z", "ended_at": "2026-04-30T20:53:08.232Z", "status": "completed", "final_activity_score": 3, "unexpected_situations_comment": "ні", "character_match_comment": "та", "overall_impression": 5, "completion_photo": "", "reminder_sent": false, "half_hour_reminder_sent": false, "created_at": "2026-04-30T18:44:11.290Z"}}, {"model": "walks.walk", "pk": 7, "fields": {"volunteer": 1, "animal": 3, "planned_date": "2026-04-30", "planned_start_time": "14:20:00", "planned_end_time": "14:50:00", "started_at": "2026-04-30T20:53:51.308Z", "ended_at": "2026-04-30T20:54:46.207Z", "status": "completed", "final_activity_score": 3, "unexpected_situations_comment": "ні", "character_match_comment": "так", "overall_impression": 5, "completion_photo": "", "reminder_sent": false, "half_hour_reminder_sent": false, "created_at": "2026-04-30T20:53:50.073Z"}}, {"model": "walks.walk", "pk": 8, "fields": {"volunteer": 1, "animal": 2, "planned_date": "2026-05-01", "planned_start_time": "15:00:00", "planned_end_time": "15:30:00", "started_at": null, "ended_at": null, "status": "missed", "final_activity_score": null, "unexpected_situations_comment": "", "character_match_comment": "", "overall_impression": null, "completion_photo": "", "reminder_sent": false, "half_hour_reminder_sent": false, "created_at": "2026-05-01T17:13:10.398Z"}}, {"model": "walks.walk", "pk": 9, "fields": {"volunteer": 1, "animal": 4, "planned_date": "2026-05-02", "planned_start_time": "16:00:00", "planned_end_time": "16:30:00", "started_at": "2026-05-02T16:23:11.074Z", "ended_at": "2026-05-02T16:23:40.621Z", "status": "completed", "final_activity_score": 4, "unexpected_situations_comment": "ні", "character_match_comment": "так", "overall_impression": 5, "completion_photo": "", "reminder_sent": true, "half_hour_reminder_sent": false, "created_at": "2026-05-01T17:13:39.563Z"}}, {"model": "walks.walk", "pk": 10, "fields": {"volunteer": 1, "animal": 5, "planned_date": "2026-05-03", "planned_start_time": "10:00:00", "planned_end_time": "10:40:00", "started_at": null, "ended_at": null, "status": "missed", "final_activity_score": null, "unexpected_situations_comment": "", "character_match_comment": "", "overall_impression": null, "completion_photo": "", "reminder_sent": true, "half_hour_reminder_sent": false, "created_at": "2026-05-01T17:16:33.947Z"}}, {"model": "walks.walk", "pk": 11, "fields": {"volunteer": 2, "animal": 5, "planned_date": "2026-05-02", "planned_start_time": "15:00:00", "planned_end_time": "15:30:00", "started_at": "2026-05-02T11:31:56.828Z", "ended_at": "2026-05-02T11:41:03.934Z", "status": "completed", "final_activity_score": 4, "unexpected_situations_comment": "", "character_match_comment": "", "overall_impression": 4, "completion_photo": "", "reminder_sent": true, "half_hour_reminder_sent": false, "created_at": "2026-05-02T11:24:56.671Z"}}, {"model": "walks.walk", "pk": 12, "fields": {"volunteer": 2, "animal": 3, "planned_date": "2026-05-02", "planned_start_time": "15:15:00", "planned_end_time": "15:45:00", "started_at": null, "ended_at": null, "status": "missed", "final_activity_score": null, "unexpected_situations_comment": "", "character_match_comment": "", "overall_impression": null, "completion_photo": "", "reminder_sent": true, "half_hour_reminder_sent": false, "created_at": "2026-05-02T11:41:34.369Z"}}, {"model": "walks.walk", "pk": 13, "fields": {"volunteer": 3, "animal": 5, "planned_date": "2026-05-04", "planned_start_time": "11:00:00", "planned_end_time": "11:30:00", "started_at": "2026-05-03T23:00:52.250Z", "ended_at": "2026-05-04T00:08:03.100Z", "status": "completed", "final_activity_score": 5, "unexpected_situations_comment": "ні", "character_match_comment": "так", "overall_impression": 5, "completion_photo": "", "reminder_sent": false, "half_hour_reminder_sent": false, "created_at": "2026-05-03T23:00:47.010Z"}}, {"model": "walks.walk", "pk": 16, "fields": {"volunteer": 1, "animal": 1, "planned_date": "2026-05-04", "planned_start_time": "14:40:00", "planned_end_time": "15:10:00", "started_at": "2026-05-04T10:54:52.537Z", "ended_at": "2026-05-04T10:56:15.581Z", "status": "completed", "final_activity_score": 5, "unexpected_situations_comment": "", "character_match_comment": "", "overall_impression": 5, "completion_photo": "", "reminder_sent": false, "half_hour_reminder_sent": false, "created_at": "2026-05-04T10:54:29.286Z"}}, {"model": "walks.walk", "pk": 17, "fields": {"volunteer": 1, "animal": 1, "planned_date": "2026-05-14", "planned_start_time": "14:15:00", "planned_end_time": "14:45:00", "started_at": "2026-05-13T22:37:10.359Z", "ended_at": "2026-05-13T23:07:55.580Z", "status": "completed", "final_activity_score": 5, "unexpected_situations_comment": "ні", "character_match_comment": "так", "overall_impression": 5, "completion_photo": "", "reminder_sent": false, "half_hour_reminder_sent": false, "created_at": "2026-05-13T22:27:31.340Z"}}, {"model": "walks.walk", "pk": 18, "fields": {"volunteer": 1, "animal": 4, "planned_date": "2026-05-16", "planned_start_time": "12:20:00", "planned_end_time": "12:50:00", "started_at": "2026-05-14T11:47:01.032Z", "ended_at": "2026-05-14T11:50:24.040Z", "status": "completed", "final_activity_score": 5, "unexpected_situations_comment": "ні", "character_match_comment": "так звісно", "overall_impression": 5, "completion_photo": "", "reminder_sent": false, "half_hour_reminder_sent": false, "created_at": "2026-05-14T11:46:47.987Z"}}, {"model": "reviews.behaviortrait", "pk": 1, "fields": {"name": "Активна", "description": "", "is_active": true}}, {"model": "reviews.behaviortrait", "pk": 2, "fields": {"name": "Підходить для новачків", "description": "", "is_active": true}}, {"model": "reviews.behaviortrait", "pk": 3, "fields": {"name": "Потребує досвідченого волонтера", "description": "", "is_active": true}}, {"model": "reviews.behaviortrait", "pk": 4, "fields": {"name": "Легко йде на контакт", "description": "", "is_active": true}}, {"model": "reviews.behaviortrait", "pk": 5, "fields": {"name": "Любить бігати", "description": "", "is_active": true}}, {"model": "reviews.behaviortrait", "pk": 6, "fields": {"name": "Дружелюбна до людей", "description": "", "is_active": true}}, {"model": "reviews.behaviortrait", "pk": 7, "fields": {"name": "Дружелюбна до інших тварин", "description": "", "is_active": true}}, {"model": "reviews.behaviortrait", "pk": 9, "fields": {"name": "Тактильна", "description": "", "is_active": true}}, {"model": "reviews.behaviortrait", "pk": 10, "fields": {"name": "Боїться різких рухів", "description": "", "is_active": true}}, {"model": "reviews.behaviortrait", "pk": 11, "fields": {"name": "Боїться гучних звуків", "description": "", "is_active": true}}, {"model": "reviews.behaviorreview", "pk": 1, "fields": {"animal": 1, "walk": 1, "volunteer": 1, "trait": 1, "score": 4, "created_at": "2026-04-29T12:29:19.712Z"}}, {"model": "reviews.behaviorreview", "pk": 2, "fields": {"animal": 1, "walk": 1, "volunteer": 1, "trait": 11, "score": 2, "created_at": "2026-04-29T12:29:19.786Z"}}, {"model": "reviews.behaviorreview", "pk": 3, "fields": {"animal": 1, "walk": 1, "volunteer": 1, "trait": 10, "score": 3, "created_at": "2026-04-29T12:29:19.837Z"}}, {"model": "reviews.behaviorreview", "pk": 4, "fields": {"animal": 1, "walk": 1, "volunteer": 1, "trait": 6, "score": 5, "created_at": "2026-04-29T12:29:19.886Z"}}, {"model": "reviews.behaviorreview", "pk": 5, "fields": {"animal": 1, "walk": 1, "volunteer": 1, "trait": 7, "score": 4, "created_at": "2026-04-29T12:29:19.934Z"}}, {"model": "reviews.behaviorreview", "pk": 6, "fields": {"animal": 1, "walk": 1, "volunteer": 1, "trait": 4, "score": 5, "created_at": "2026-04-29T12:29:19.998Z"}}, {"model": "reviews.behaviorreview", "pk": 7, "fields": {"animal": 1, "walk": 1, "volunteer": 1, "trait": 5, "score": 3, "created_at": "2026-04-29T12:29:20.053Z"}}, {"model": "reviews.behaviorreview", "pk": 8, "fields": {"animal": 1, "walk": 1, "volunteer": 1, "trait": 3, "score": 3, "created_at": "2026-04-29T12:29:20.115Z"}}, {"model": "reviews.behaviorreview", "pk": 9, "fields": {"animal": 1, "walk": 1, "volunteer": 1, "trait": 2, "score": 4, "created_at": "2026-04-29T12:29:20.165Z"}}, {"model": "reviews.behaviorreview", "pk": 10, "fields": {"animal": 1, "walk": 1, "volunteer": 1, "trait": 9, "score": 5, "created_at": "2026-04-29T12:29:20.213Z"}}, {"model": "reviews.behaviorreview", "pk": 11, "fields": {"animal": 3, "walk": 2, "volunteer": 2, "trait": 1, "score": 3, "created_at": "2026-04-29T17:17:47.607Z"}}, {"model": "reviews.behaviorreview", "pk": 12, "fields": {"animal": 3, "walk": 2, "volunteer": 2, "trait": 11, "score": 2, "created_at": "2026-04-29T17:17:47.677Z"}}, {"model": "reviews.behaviorreview", "pk": 13, "fields": {"animal": 3, "walk": 2, "volunteer": 2, "trait": 10, "score": 1, "created_at": "2026-04-29T17:17:47.759Z"}}, {"model": "reviews.behaviorreview", "pk": 14, "fields": {"animal": 3, "walk": 2, "volunteer": 2, "trait": 6, "score": 5, "created_at": "2026-04-29T17:17:47.837Z"}}, {"model": "reviews.behaviorreview", "pk": 15, "fields": {"animal": 3, "walk": 2, "volunteer": 2, "trait": 7, "score": 4, "created_at": "2026-04-29T17:17:47.929Z"}}, {"model": "reviews.behaviorreview", "pk": 16, "fields": {"animal": 3, "walk": 2, "volunteer": 2, "trait": 4, "score": 5, "created_at": "2026-04-29T17:17:48.102Z"}}, {"model": "reviews.behaviorreview", "pk": 17, "fields": {"animal": 3, "walk": 2, "volunteer": 2, "trait": 5, "score": 4, "created_at": "2026-04-29T17:17:48.180Z"}}, {"model": "reviews.behaviorreview", "pk": 18, "fields": {"animal": 3, "walk": 2, "volunteer": 2, "trait": 3, "score": 2, "created_at": "2026-04-29T17:17:48.519Z"}}, {"model": "reviews.behaviorreview", "pk": 19, "fields": {"animal": 3, "walk": 2, "volunteer": 2, "trait": 2, "score": 5, "created_at": "2026-04-29T17:17:48.624Z"}}, {"model": "reviews.behaviorreview", "pk": 20, "fields": {"animal": 3, "walk": 2, "volunteer": 2, "trait": 9, "score": 5, "created_at": "2026-04-29T17:17:48.704Z"}}, {"model": "reviews.behaviorreview", "pk": 31, "fields": {"animal": 1, "walk": 4, "volunteer": 1, "trait": 1, "score": 4, "created_at": "2026-04-29T21:59:00.414Z"}}, {"model": "reviews.behaviorreview", "pk": 32, "fields": {"animal": 1, "walk": 4, "volunteer": 1, "trait": 11, "score": 4, "created_at": "2026-04-29T21:59:00.486Z"}}, {"model": "reviews.behaviorreview", "pk": 33, "fields": {"animal": 1, "walk": 4, "volunteer": 1, "trait": 10, "score": 3, "created_at": "2026-04-29T21:59:00.541Z"}}, {"model": "reviews.behaviorreview", "pk": 34, "fields": {"animal": 1, "walk": 4, "volunteer": 1, "trait": 6, "score": 4, "created_at": "2026-04-29T21:59:00.612Z"}}, {"model": "reviews.behaviorreview", "pk": 35, "fields": {"animal": 1, "walk": 4, "volunteer": 1, "trait": 7, "score": 3, "created_at": "2026-04-29T21:59:00.677Z"}}, {"model": "reviews.behaviorreview", "pk": 36, "fields": {"animal": 1, "walk": 4, "volunteer": 1, "trait": 4, "score": 4, "created_at": "2026-04-29T21:59:00.760Z"}}, {"model": "reviews.behaviorreview", "pk": 37, "fields": {"animal": 1, "walk": 4, "volunteer": 1, "trait": 5, "score": 5, "created_at": "2026-04-29T21:59:00.806Z"}}, {"model": "reviews.behaviorreview", "pk": 38, "fields": {"animal": 1, "walk": 4, "volunteer": 1, "trait": 3, "score": 4, "created_at": "2026-04-29T21:59:00.844Z"}}, {"model": "reviews.behaviorreview", "pk": 39, "fields": {"animal": 1, "walk": 4, "volunteer": 1, "trait": 2, "score": 3, "created_at": "2026-04-29T21:59:00.917Z"}}, {"model": "reviews.behaviorreview", "pk": 40, "fields": {"animal": 1, "walk": 4, "volunteer": 1, "trait": 9, "score": 3, "created_at": "2026-04-29T21:59:00.976Z"}}, {"model": "reviews.behaviorreview", "pk": 41, "fields": {"animal": 1, "walk": 5, "volunteer": 1, "trait": 1, "score": 5, "created_at": "2026-04-30T16:47:09.715Z"}}, {"model": "reviews.behaviorreview", "pk": 42, "fields": {"animal": 1, "walk": 5, "volunteer": 1, "trait": 11, "score": 5, "created_at": "2026-04-30T16:47:09.776Z"}}, {"model": "reviews.behaviorreview", "pk": 43, "fields": {"animal": 1, "walk": 5, "volunteer": 1, "trait": 10, "score": 4, "created_at": "2026-04-30T16:47:09.866Z"}}, {"model": "reviews.behaviorreview", "pk": 44, "fields": {"animal": 1, "walk": 5, "volunteer": 1, "trait": 6, "score": 5, "created_at": "2026-04-30T16:47:09.912Z"}}, {"model": "reviews.behaviorreview", "pk": 45, "fields": {"animal": 1, "walk": 5, "volunteer": 1, "trait": 7, "score": 4, "created_at": "2026-04-30T16:47:10.027Z"}}, {"model": "reviews.behaviorreview", "pk": 46, "fields": {"animal": 1, "walk": 5, "volunteer": 1, "trait": 4, "score": 4, "created_at": "2026-04-30T16:47:10.114Z"}}, {"model": "reviews.behaviorreview", "pk": 47, "fields": {"animal": 1, "walk": 5, "volunteer": 1, "trait": 5, "score": 3, "created_at": "2026-04-30T16:47:10.176Z"}}, {"model": "reviews.behaviorreview", "pk": 48, "fields": {"animal": 1, "walk": 5, "volunteer": 1, "trait": 3, "score": 3, "created_at": "2026-04-30T16:47:10.241Z"}}, {"model": "reviews.behaviorreview", "pk": 49, "fields": {"animal": 1, "walk": 5, "volunteer": 1, "trait": 2, "score": 5, "created_at": "2026-04-30T16:47:10.306Z"}}, {"model": "reviews.behaviorreview", "pk": 50, "fields": {"animal": 1, "walk": 5, "volunteer": 1, "trait": 9, "score": 5, "created_at": "2026-04-30T16:47:10.432Z"}}, {"model": "reviews.behaviorreview", "pk": 51, "fields": {"animal": 1, "walk": 6, "volunteer": 1, "trait": 1, "score": 4, "created_at": "2026-04-30T18:45:08.456Z"}}, {"model": "reviews.behaviorreview", "pk": 52, "fields": {"animal": 1, "walk": 6, "volunteer": 1, "trait": 11, "score": 4, "created_at": "2026-04-30T18:45:08.493Z"}}, {"model": "reviews.behaviorreview", "pk": 53, "fields": {"animal": 1, "walk": 6, "volunteer": 1, "trait": 10, "score": 4, "created_at": "2026-04-30T18:45:08.523Z"}}, {"model": "reviews.behaviorreview", "pk": 54, "fields": {"animal": 1, "walk": 6, "volunteer": 1, "trait": 6, "score": 3, "created_at": "2026-04-30T18:45:08.567Z"}}, {"model": "reviews.behaviorreview", "pk": 55, "fields": {"animal": 1, "walk": 6, "volunteer": 1, "trait": 7, "score": 4, "created_at": "2026-04-30T18:45:08.601Z"}}, {"model": "reviews.behaviorreview", "pk": 56, "fields": {"animal": 1, "walk": 6, "volunteer": 1, "trait": 4, "score": 5, "created_at": "2026-04-30T18:45:08.669Z"}}, {"model": "reviews.behaviorreview", "pk": 57, "fields": {"animal": 1, "walk": 6, "volunteer": 1, "trait": 5, "score": 5, "created_at": "2026-04-30T18:45:08.704Z"}}, {"model": "reviews.behaviorreview", "pk": 58, "fields": {"animal": 1, "walk": 6, "volunteer": 1, "trait": 3, "score": 3, "created_at": "2026-04-30T18:45:08.784Z"}}, {"model": "reviews.behaviorreview", "pk": 59, "fields": {"animal": 1, "walk": 6, "volunteer": 1, "trait": 2, "score": 3, "created_at": "2026-04-30T18:45:08.822Z"}}, {"model": "reviews.behaviorreview", "pk": 60, "fields": {"animal": 1, "walk": 6, "volunteer": 1, "trait": 9, "score": 5, "created_at": "2026-04-30T18:45:08.868Z"}}, {"model": "reviews.behaviorreview", "pk": 61, "fields": {"animal": 3, "walk": 7, "volunteer": 1, "trait": 1, "score": 3, "created_at": "2026-04-30T20:54:25.230Z"}}, {"model": "reviews.behaviorreview", "pk": 62, "fields": {"animal": 3, "walk": 7, "volunteer": 1, "trait": 11, "score": 1, "created_at": "2026-04-30T20:54:25.272Z"}}, {"model": "reviews.behaviorreview", "pk": 63, "fields": {"animal": 3, "walk": 7, "volunteer": 1, "trait": 10, "score": 1, "created_at": "2026-04-30T20:54:25.328Z"}}, {"model": "reviews.behaviorreview", "pk": 64, "fields": {"animal": 3, "walk": 7, "volunteer": 1, "trait": 6, "score": 5, "created_at": "2026-04-30T20:54:25.372Z"}}, {"model": "reviews.behaviorreview", "pk": 65, "fields": {"animal": 3, "walk": 7, "volunteer": 1, "trait": 7, "score": 5, "created_at": "2026-04-30T20:54:25.486Z"}}, {"model": "reviews.behaviorreview", "pk": 66, "fields": {"animal": 3, "walk": 7, "volunteer": 1, "trait": 4, "score": 5, "created_at": "2026-04-30T20:54:25.599Z"}}, {"model": "reviews.behaviorreview", "pk": 67, "fields": {"animal": 3, "walk": 7, "volunteer": 1, "trait": 5, "score": 3, "created_at": "2026-04-30T20:54:25.704Z"}}, {"model": "reviews.behaviorreview", "pk": 68, "fields": {"animal": 3, "walk": 7, "volunteer": 1, "trait": 3, "score": 2, "created_at": "2026-04-30T20:54:25.805Z"}}, {"model": "reviews.behaviorreview", "pk": 69, "fields": {"animal": 3, "walk": 7, "volunteer": 1, "trait": 2, "score": 5, "created_at": "2026-04-30T20:54:25.903Z"}}, {"model": "reviews.behaviorreview", "pk": 70, "fields": {"animal": 3, "walk": 7, "volunteer": 1, "trait": 9, "score": 5, "created_at": "2026-04-30T20:54:26.003Z"}}, {"model": "reviews.behaviorreview", "pk": 71, "fields": {"animal": 5, "walk": 13, "volunteer": 3, "trait": 1, "score": 5, "created_at": "2026-05-03T23:42:01.790Z"}}, {"model": "reviews.behaviorreview", "pk": 72, "fields": {"animal": 5, "walk": 13, "volunteer": 3, "trait": 11, "score": 2, "created_at": "2026-05-03T23:42:01.855Z"}}, {"model": "reviews.behaviorreview", "pk": 73, "fields": {"animal": 5, "walk": 13, "volunteer": 3, "trait": 10, "score": 3, "created_at": "2026-05-03T23:42:01.907Z"}}, {"model": "reviews.behaviorreview", "pk": 74, "fields": {"animal": 5, "walk": 13, "volunteer": 3, "trait": 6, "score": 5, "created_at": "2026-05-03T23:42:01.953Z"}}, {"model": "reviews.behaviorreview", "pk": 75, "fields": {"animal": 5, "walk": 13, "volunteer": 3, "trait": 7, "score": 4, "created_at": "2026-05-03T23:42:02.006Z"}}, {"model": "reviews.behaviorreview", "pk": 76, "fields": {"animal": 5, "walk": 13, "volunteer": 3, "trait": 4, "score": 5, "created_at": "2026-05-03T23:42:02.038Z"}}, {"model": "reviews.behaviorreview", "pk": 77, "fields": {"animal": 5, "walk": 13, "volunteer": 3, "trait": 5, "score": 5, "created_at": "2026-05-03T23:42:02.110Z"}}, {"model": "reviews.behaviorreview", "pk": 78, "fields": {"animal": 5, "walk": 13, "volunteer": 3, "trait": 3, "score": 2, "created_at": "2026-05-03T23:42:02.143Z"}}, {"model": "reviews.behaviorreview", "pk": 79, "fields": {"animal": 5, "walk": 13, "volunteer": 3, "trait": 2, "score": 4, "created_at": "2026-05-03T23:42:02.222Z"}}, {"model": "reviews.behaviorreview", "pk": 80, "fields": {"animal": 5, "walk": 13, "volunteer": 3, "trait": 9, "score": 5, "created_at": "2026-05-03T23:42:02.318Z"}}, {"model": "reviews.behaviorreview", "pk": 81, "fields": {"animal": 1, "walk": 17, "volunteer": 1, "trait": 1, "score": 5, "created_at": "2026-05-13T22:43:21.026Z"}}, {"model": "reviews.behaviorreview", "pk": 82, "fields": {"animal": 1, "walk": 17, "volunteer": 1, "trait": 11, "score": 2, "created_at": "2026-05-13T22:43:21.118Z"}}, {"model": "reviews.behaviorreview", "pk": 83, "fields": {"animal": 1, "walk": 17, "volunteer": 1, "trait": 10, "score": 2, "created_at": "2026-05-13T22:43:21.316Z"}}, {"model": "reviews.behaviorreview", "pk": 84, "fields": {"animal": 1, "walk": 17, "volunteer": 1, "trait": 6, "score": 5, "created_at": "2026-05-13T22:43:21.432Z"}}, {"model": "reviews.behaviorreview", "pk": 85, "fields": {"animal": 1, "walk": 17, "volunteer": 1, "trait": 2, "score": 4, "created_at": "2026-05-13T22:43:21.547Z"}}, {"model": "reviews.behaviorreview", "pk": 86, "fields": {"animal": 1, "walk": 17, "volunteer": 1, "trait": 9, "score": 5, "created_at": "2026-05-13T22:43:21.733Z"}}, {"model": "reviews.behaviorreview", "pk": 87, "fields": {"animal": 4, "walk": 18, "volunteer": 1, "trait": 1, "score": 5, "created_at": "2026-05-14T11:49:13.175Z"}}, {"model": "reviews.behaviorreview", "pk": 88, "fields": {"animal": 4, "walk": 18, "volunteer": 1, "trait": 11, "score": 1, "created_at": "2026-05-14T11:49:13.263Z"}}, {"model": "reviews.behaviorreview", "pk": 89, "fields": {"animal": 4, "walk": 18, "volunteer": 1, "trait": 10, "score": 1, "created_at": "2026-05-14T11:49:13.353Z"}}, {"model": "reviews.behaviorreview", "pk": 90, "fields": {"animal": 4, "walk": 18, "volunteer": 1, "trait": 6, "score": 3, "created_at": "2026-05-14T11:49:13.448Z"}}, {"model": "reviews.behaviorreview", "pk": 91, "fields": {"animal": 4, "walk": 18, "volunteer": 1, "trait": 7, "score": 5, "created_at": "2026-05-14T11:49:13.561Z"}}, {"model": "reviews.behaviorreview", "pk": 92, "fields": {"animal": 4, "walk": 18, "volunteer": 1, "trait": 4, "score": 2, "created_at": "2026-05-14T11:49:13.660Z"}}, {"model": "reviews.behaviorreview", "pk": 93, "fields": {"animal": 4, "walk": 18, "volunteer": 1, "trait": 5, "score": 5, "created_at": "2026-05-14T11:49:13.736Z"}}, {"model": "reviews.behaviorreview", "pk": 94, "fields": {"animal": 4, "walk": 18, "volunteer": 1, "trait": 3, "score": 2, "created_at": "2026-05-14T11:49:13.794Z"}}, {"model": "reviews.behaviorreview", "pk": 95, "fields": {"animal": 4, "walk": 18, "volunteer": 1, "trait": 2, "score": 5, "created_at": "2026-05-14T11:49:13.847Z"}}, {"model": "reviews.behaviorreview", "pk": 96, "fields": {"animal": 4, "walk": 18, "volunteer": 1, "trait": 9, "score": 5, "created_at": "2026-05-14T11:49:13.907Z"}}, {"model": "reviews.behaviorcomment", "pk": 1, "fields": {"animal": 1, "walk": 1, "volunteer": 1, "comment": "Нетипова реакція на дітей", "created_at": "2026-04-29T19:57:37.349Z"}}, {"model": "reviews.behaviorcomment", "pk": 2, "fields": {"animal": 1, "walk": 4, "volunteer": 1, "comment": "боїться дітей", "created_at": "2026-04-29T21:59:01.077Z"}}, {"model": "reviews.behaviorcomment", "pk": 3, "fields": {"animal": 1, "walk": 17, "volunteer": 1, "comment": "під час прогулянки любить носити в зубах повідець", "created_at": "2026-05-13T22:43:22.184Z"}}, {"model": "reviews.behaviorcomment", "pk": 4, "fields": {"animal": 4, "walk": 18, "volunteer": 1, "comment": "білка класна", "created_at": "2026-05-14T11:49:13.960Z"}}, {"model": "reviews.animalspecifictrait", "pk": 4, "fields": {"animal": 1, "name": "Боязнь дітей", "created_at": "2026-04-30T18:57:06.343Z"}}, {"model": "reviews.animaltraitsuggestion", "pk": 4, "fields": {"animal": 1, "suggested_trait_name": "Боязнь дітей", "summary": "2 волонтери зазначили, що Арчі боїться дітей та має нетипову реакцію на них.", "comments_count": 2, "is_approved": true, "is_rejected": false, "created_at": "2026-04-30T18:56:48.544Z"}}, {"model": "reviews.animalspecifictraitreview", "pk": 6, "fields": {"animal": 1, "walk": 6, "volunteer": 1, "trait": 4, "answer": true, "created_at": "2026-04-30T20:48:14.986Z"}}, {"model": "reviews.animalspecifictraitreview", "pk": 7, "fields": {"animal": 1, "walk": 17, "volunteer": 1, "trait": 4, "answer": true, "created_at": "2026-05-13T22:43:21.944Z"}}, {"model": "chat.chatroom", "pk": 1, "fields": {"volunteer": 1, "created_at": "2026-04-28T13:33:52.244Z"}}, {"model": "chat.chatroom", "pk": 2, "fields": {"volunteer": 2, "created_at": "2026-04-29T11:28:00.075Z"}}, {"model": "chat.chatroom", "pk": 3, "fields": {"volunteer": 3, "created_at": "2026-05-03T20:38:07.646Z"}}, {"model": "chat.chatmessage", "pk": 1, "fields": {"room": 2, "text": "", "image": "chat/images/scaled_46.jpg", "is_from_admin": false, "created_at": "2026-05-02T21:37:50.598Z"}}, {"model": "chat.chatmessage", "pk": 2, "fields": {"room": 2, "text": "", "image": "chat/images/scaled_45.jpg", "is_from_admin": false, "created_at": "2026-05-02T21:38:15.034Z"}}, {"model": "chat.chatmessage", "pk": 3, "fields": {"room": 2, "text": "", "image": "chat/images/scaled_cf7bddc5-07d1-4355-a446-eaecfd66e3c55348203994898044281.jpg", "is_from_admin": false, "created_at": "2026-05-02T22:01:11.472Z"}}, {"model": "chat.chatmessage", "pk": 4, "fields": {"room": 2, "text": "статистика", "image": "chat/images/scaled_45_NneYMyw.jpg", "is_from_admin": false, "created_at": "2026-05-02T22:21:55.143Z"}}, {"model": "chat.chatmessage", "pk": 8, "fields": {"room": 1, "text": "Добрий день, на завтра в мене запланована прогулянка з Рольфом, проте буду вимушена запізнитись на 15 хвилин", "image": "", "is_from_admin": false, "created_at": "2026-05-13T23:02:08.092Z"}}, {"model": "chat.chatmessage", "pk": 9, "fields": {"room": 1, "text": "Добрий день, ми все розуміємо. Ми з Рольфом зачекаємо", "image": "", "is_from_admin": true, "created_at": "2026-05-13T23:04:07.747Z"}}, {"model": "chat.chatmessage", "pk": 10, "fields": {"room": 1, "text": "привіт", "image": "", "is_from_admin": false, "created_at": "2026-05-14T11:45:09.003Z"}}, {"model": "chat.chatmessage", "pk": 11, "fields": {"room": 1, "text": "fgtvbybn", "image": "", "is_from_admin": true, "created_at": "2026-05-14T11:45:42.962Z"}}, {"model": "notifications.notification", "pk": 1, "fields": {"volunteer": 1, "title": "Попередження про пропущену прогулянку", "message": "Ви пропустили прогулянку. Якщо це буде повторюватись надалі, ми будемо вимушені заблокувати Ваш профіль.", "is_read": true, "created_at": "2026-05-02T10:30:54.402Z"}}, {"model": "notifications.notification", "pk": 2, "fields": {"volunteer": 1, "title": "Запланована прогулянка", "message": "Сьогодні у вас прогулянка з Білка о 16:00", "is_read": true, "created_at": "2026-05-02T10:49:12.648Z"}}, {"model": "notifications.notification", "pk": 3, "fields": {"volunteer": 2, "title": "Запланована прогулянка", "message": "Сьогодні у вас прогулянка з Джек о 15:00", "is_read": true, "created_at": "2026-05-02T11:25:00.038Z"}}, {"model": "notifications.notification", "pk": 4, "fields": {"volunteer": 2, "title": "Запланована прогулянка", "message": "Сьогодні у вас прогулянка з Барсік о 15:15", "is_read": true, "created_at": "2026-05-02T11:41:36.818Z"}}, {"model": "notifications.notification", "pk": 5, "fields": {"volunteer": 2, "title": "Попередження", "message": "Ви пропустили прогулянку. Якщо це буде повторюватись надалі, ми будемо вимушені заблокувати Ваш профіль.", "is_read": true, "created_at": "2026-05-02T16:23:00.845Z"}}, {"model": "notifications.notification", "pk": 6, "fields": {"volunteer": 1, "title": "Запланована прогулянка", "message": "Сьогодні у вас прогулянка з Джек о 10:00", "is_read": true, "created_at": "2026-05-03T16:45:07.115Z"}}, {"model": "notifications.notification", "pk": 7, "fields": {"volunteer": 1, "title": "Попередження", "message": "Ви знову пропустили прогулянку. Наступного разу Ваш профіль буде заблоковано без можливості створити новий.", "is_read": true, "created_at": "2026-05-03T16:45:07.162Z"}}, {"model": "notifications.adoptionrecommendation", "pk": 1, "fields": {"volunteer": 1, "animal": 1, "walks_count": 5, "created_at": "2026-05-04T10:50:30.737Z"}}]